bfich,bfinh,bfioh,bfieh,bfiah,bfiae,bfiaa,bfiac,bfian,bfiao,wallposts,portraits,imp_avs,friends,likes_portrait,sex,age,selfesteem
256,375,260,225,267,4,4.56,4.67,2,3.7,3,2,0,264,25,1,21,3
344,250,410,338,389,4.2,3.89,3.89,2.25,4.1,70,24,0,571,21,1,22,3.4
333,325,440,413,344,4.4,3.67,4.11,2.25,4.6,102,10,1,624,32,1,18,3
389,363,290,225,344,3.8,3.56,4.44,1.88,3.6,73,6,0,103,9,1,21,3
267,375,450,288,300,4.4,2.78,3.89,1.88,5,8,3,0,449,21,1,20,3.3
344,263,470,325,400,4,4.22,3.67,1.63,4.7,160,2,0,267,19,2,19,4
378,288,470,375,411,4.2,4.33,4.67,1.63,4.4,8,13,0,655,82,2,22,3.4
300,275,320,300,344,4.2,3.89,4.89,2.25,4.6,0,3,0,200,24,1,19,3.15
200,288,360,338,367,4.6,4.67,3.56,1.25,4.7,1198,4,7,127,23,1,19,3
367,175,290,275,411,3.6,4.78,4.89,1.25,4,1,2,8,189,7,1,18,3.6
400,375,380,363,289,3.8,3.67,4.44,2.25,3.8,5,11,0,281,41,2,21,3
389,275,500,400,433,4.8,5,4.89,1.13,4.8,881,11,0,293,50,2,20,2.9
289,388,410,313,322,4.4,3.89,4.22,1.75,4,73,1,0,124,16,2,21,2.4
356,363,430,250,378,4.4,4.33,4.11,1.75,3.8,73,26,0,285,16,2,18,2.7
356,175,430,400,378,4.6,4.44,4.56,1.5,4.4,13,4,0,137,6,1,19,3.3
333,250,400,350,367,4,4.22,4.78,1.88,4.3,38,8,5,408,12,1,19,3.4
367,413,320,463,178,4.6,3.33,4.89,1.63,4.1,282,50,2,119,12,2,19,3.3
400,313,410,325,344,4,3.44,4.89,2.13,4.6,121,50,1,197,10,2,19,4
144,400,460,275,267,4,3.33,3.67,2.38,4.6,0,1,0,52,21,2,21,2.8
456,363,410,363,289,4.2,3.56,4.89,2.25,3.8,73,2,0,266,70,2,18,2.8
300,388,350,363,389,3.4,3.22,4.44,2.38,4,200,22,3,118,7,1,19,2.1
422,413,430,375,256,4.8,5,4.78,1,4.8,51,41,1,133,23,2,18,3.3
378,338,280,200,356,3.6,3.67,4.22,2.25,3.9,50,3,1,227,29,2,19,2.9
367,325,410,400,322,4.8,4.89,4.89,1.25,4.8,51,6,0,306,15,1,20,3.2
367,238,370,263,311,4.2,3.56,3.78,2,4.3,9,22,0,319,23,2,20,3.2
244,188,400,288,400,4.2,4.44,4.78,1.63,4.6,470,16,9,636,30,2,19,2.7
356,313,300,300,333,3.8,3.89,4,2.25,3.7,14,9,0,109,10,1,22,3
356,363,330,213,456,4.4,4.33,4.78,1.75,4.3,43,3,0,196,24,2,21,3.3
367,263,480,363,389,4.6,4.11,4.56,2.25,4.5,644,13,0,106,34,2,18,3.8
289,438,400,350,367,4.8,4.44,4.44,1.75,4.6,233,9,0,211,30,2,19,2.5
467,175,460,400,356,4.4,4.11,4.78,1.5,4.5,169,25,0,245,20,2,20,3.5
233,275,450,400,367,4.6,4.11,4.11,1.25,4.8,188,55,2,981,18,2,19,3.5
289,225,380,250,311,3.8,4.22,3.67,1.13,4.2,73,2,0,157,11,2,20,2.8
211,325,400,375,333,3.6,3.89,4,2,3.6,323,28,98,72,8,1,19,2.5
278,363,410,375,344,4.2,4.78,4.44,1.88,4,51,10,1,283,16,2,22,3
333,275,400,300,367,4.4,3.56,4.89,1.75,4.6,21,2,0,146,28,2,18,3.4
356,300,410,375,378,4.6,3.33,3.44,2,4.8,17,2,2,215,14,1,23,2.6
422,250,410,325,333,4,4.11,4.56,1.5,4.1,14,2,0,57,16,2,18,3.7
289,225,440,350,289,4,3.44,4.33,2,4.3,68,12,0,82,260,2,21,3.6
211,400,470,413,178,4.4,3.22,4.33,1.88,4.7,80,12,0,490,46,2,19,2.9
344,463,240,263,222,2.8,4,4.78,1.38,3.1,11,4,0,116,22,2,18,2
289,288,410,300,389,3.8,4.11,4,2.38,4.5,1,2,1,14,11,1,20,2.7
344,300,390,375,278,4.4,3.44,4,1.75,3.4,267,42,1,410,27,2,19,2.3
389,425,280,313,322,4.2,3.44,4.78,1.88,3.7,68,15,1,332,38,2,19,3.2
367,238,440,450,400,4.6,4,4.67,1.13,4.2,13,13,2,669,33,2,22,3.7
289,350,470,238,311,4,4.44,4.56,1.88,4.7,0,3,0,124,14,1,19,2.9
333,225,330,438,278,4.8,3.33,3.78,1.88,3.9,97,21,0,215,36,2,17,3.4
267,200,360,238,433,4.2,4.56,4.78,1.5,3.7,36,6,3,209,13,2,21,2.7
333,275,340,288,400,4.4,3.89,4.67,1.88,4.5,144,12,0,143,10,2,19,2.4
333,425,450,338,178,3.6,3.56,4.56,1.38,4.7,72,13,0,436,64,2,20,2.88
356,338,390,450,422,4.6,3.78,4.11,1.5,4,116,10,0,554,41,2,19,2.5
356,125,460,463,411,4.4,3.89,4.22,1,4.4,933,19,1,1049,55,2,19,3.8
367,350,160,213,244,3.6,3.67,4.33,2,3,8,7,0,111,16,2,20,3.2
322,413,450,275,344,4.2,4,4.56,1.13,4,85,2,0,174,16,1,20,2.4
322,338,460,325,356,3.4,4.33,4.89,1.5,4.7,2230,36,0,209,22,2,20,3.5
378,225,380,425,367,4.2,4.78,4.22,1.25,4.2,1,3,0,212,36,2,18,3.9
278,275,370,413,322,4.8,4.44,4.11,1.5,3.8,29,4,0,537,61,2,20,2.6
456,363,490,475,356,4.2,4.11,4.67,1.13,4.7,183,29,2,901,16,2,21,3.2
389,238,380,388,344,4,3.67,4,2.13,3.6,345,32,7,536,49,2,21,2.9
411,300,330,300,222,3.8,3,4,1.88,4,16,2,0,113,15,2,21,3.2
311,238,300,313,411,4.2,4.11,4.67,1.88,3.9,2,6,0,260,8,1,20,2.9
189,263,430,363,322,4.4,3,5,1,4.5,2,13,9,244,7,1,20,2.5
356,225,370,475,289,4.8,3.67,4.11,1.63,4.1,32,17,0,306,20,2,17,3.3
433,313,460,350,411,4.6,4.44,4.67,1.25,4.7,32,4,0,256,46,2,19,3.8
378,275,470,388,267,4,2.33,4.11,2.88,5,286,44,0,217,11,2,18,3.6
344,288,280,313,344,4.2,4.33,4.67,2.38,3.7,5,15,0,352,23,1,19,2.8
444,213,390,363,411,4.4,4.33,4.78,1.63,4.2,235,40,4,239,19,2,22,3.7
444,125,420,413,422,4.2,4.44,4.67,1.13,4.3,12,2,0,531,25,1,18,3.8
289,238,310,300,244,3,2.22,3.33,1.75,3.6,6,3,0,80,8,1,19,2.9
422,238,390,400,411,4.2,4.44,4.78,1.5,4,82,27,0,270,49,2,20,3.2
367,300,240,313,322,4.2,4.22,4.67,1.25,3.9,3,2,1,166,9,2,18,2.9
256,300,410,338,411,3.8,3.89,4.67,1.63,4.3,15,7,1,224,17,1,20,3.6
311,263,270,225,378,3.8,3.67,3.67,2.5,3.6,8,2,0,144,34,2,21,2.7
289,188,400,338,367,4.2,3.78,4.67,1.63,3.9,4,6,0,187,31,2,20,3.4
333,300,380,400,333,4.2,4.22,4.56,1.88,3.6,47,39,0,315,18,2,20,2.9
378,338,270,325,311,4.4,3.78,4.67,1.75,3.6,44,14,3,278,45,2,18,2.5
344,138,410,350,389,4.4,3.89,4.33,1,4.4,3,3,1,435,17,1,19,3.6
322,288,470,288,289,3.4,2.67,4,1.88,4.8,4,3,0,83,23,2,18,3.5
378,350,310,213,333,3.8,4.33,4.78,1.75,3.9,0,1,0,258,9,1,20,3.4
300,425,430,288,367,3.4,4.33,4.11,1.63,3.9,209,31,0,468,31,2,18,2.9
344,288,410,350,344,4.4,4.56,4.33,1.13,4.2,36,6,0,434,41,1,24,3.6
367,363,470,400,378,4.6,4.56,4.89,1.63,4.9,15,14,0,307,25,2,18,3.4
289,250,410,313,322,3.4,3,4,1.75,4.6,93,13,0,66,8,2,24,3.4
233,375,360,350,378,4.6,3.78,4.33,1.63,3.9,23,6,9,93,26,2,19,3.4
244,113,370,413,367,4.8,4.22,4.11,1.25,4,22,20,0,208,32,2,18,3.2
333,375,500,450,311,4.6,4.44,4.89,1.13,5,222,8,4,156,17,1,20,2.8
311,325,440,413,400,4.6,3.67,4,2.38,4.2,16,36,0,310,30,2,19,2.8
278,325,360,300,300,4.2,3.67,4.22,1.38,4,4,8,0,134,34,2,19,2.7
267,325,440,388,389,4.2,4,4.67,2.13,4.5,95,48,9,98,11,2,19,3.2
256,363,260,263,222,4.8,4.33,5,1.5,4,177,47,0,90,81,2,21,2.5
278,338,370,250,244,2.8,4.11,4.11,2.25,3.9,0,9,2,115,12,2,21,3.1
344,225,400,375,267,3.8,3.67,4.67,1.5,3.4,185,9,0,150,12,2,19,3.1
289,338,340,388,278,3.8,2.89,2.78,2.88,3.6,73,9,0,150,14,1,19,2.5
433,350,410,350,400,4.4,4.56,4.56,1.63,4.6,206,5,0,343,14,2,19,3.5
344,288,400,263,411,3.4,4.33,4.67,2.13,4.4,48,24,0,269,52,2,18,3.1
256,288,450,463,267,4.4,3.78,4.89,1.75,4.3,45,24,2,612,111,2,18,2.8
478,225,360,338,311,4.6,3.33,4.33,1.88,4,0,1,0,72,11,1,19,3.5
389,338,390,388,356,4.6,3.78,4.56,2,4,399,20,3,288,10,2,19,3.3
200,325,340,288,300,3,3.22,2.89,2.63,3.2,4,7,0,69,11,2,19,2.7
300,338,410,400,344,4.2,3.78,4.44,1.88,4.2,75,12,0,643,164,2,18,3.1
422,213,410,338,389,4.2,3.78,4.33,1.5,4.5,67,38,0,447,29,2,23,5.92
367,238,340,325,422,4.6,3.78,4.89,1.5,4.5,1,7,1,91,7,2,21,3.6
344,200,480,463,333,4.6,4.11,4.78,1.13,4.8,68,22,0,634,26,2,20,3.4
344,400,340,363,411,4.4,4.33,4.33,2.13,3.8,72,8,0,362,50,2,21,3.2
411,213,320,475,367,4.8,3.56,4,2.25,2.7,32,10,4,341,6,1,19,3.4
433,163,400,438,411,4.4,4.56,5,1.63,4.3,149,10,3,117,9,1,22,3.6
344,388,420,375,300,4.4,3.89,4.22,1.75,3.6,78,26,1,108,23,2,21,2.3
233,263,490,350,278,3.6,3.44,3,3,4.6,29,12,2,591,8,1,19,3.5
378,388,470,300,356,4.2,4.56,4.22,1.75,4.7,43,14,0,313,41,2,19,2.4
244,400,430,338,344,3.4,3.89,4.56,2.13,4.4,244,16,6,512,27,1,21,2.7
344,238,310,338,378,4.6,3.89,3.56,2.25,3.6,17,10,1,162,8,1,20,3.2
267,413,420,363,367,4.8,4.11,4.22,1.25,4.3,114,4,0,271,16,2,21,3
344,275,410,363,389,4.6,4.22,4.78,2,4.2,4,1,0,226,33,1,18,3.3
367,425,310,175,356,3.6,4,4.78,1.38,3.7,21,15,0,239,21,2,20,2.3
344,213,310,338,278,4.6,3.89,4.89,1.25,3.8,406,23,0,153,13,2,18,3.2
378,300,440,425,244,5,2.89,4.78,2.25,4.6,175,54,2,155,21,2,19,3.9
300,238,330,350,433,4.2,4.44,4.44,2,4.1,41,16,0,337,30,2,19,3
400,438,450,250,411,5,4.78,4.89,1,4.5,15,7,0,219,56,2,18,2.6
322,250,450,325,300,4.2,3.56,4.33,1.63,4.9,439,3,1,85,11,2,19,2.4
400,450,380,400,278,4.4,4.56,4.56,1.25,4.7,1,5,0,236,42,2,20,3.6
322,288,380,400,389,4.2,3.78,4.11,2.13,4.1,31,4,0,115,15,1,20,2.3
267,313,360,250,322,4.2,4.44,4.67,1.63,4.3,10,4,0,133,57,2,17,2.3
311,275,200,150,267,2.8,2.44,4.22,1.5,3.7,0,2,4,91,13,2,19,2.2
322,338,440,413,311,4.8,4.33,4.67,2.13,4.5,2,8,0,421,53,2,20,3.7
411,275,390,425,356,4.6,3.89,4.67,1.88,4.3,1,8,0,687,76,2,18,3.6
344,200,450,375,389,4.2,3.56,4.22,1.13,4.7,9,6,1,261,19,1,19,3.4
333,313,440,450,267,3.6,3.33,4.89,1.25,3.9,251,20,0,126,18,2,19,3
222,375,410,338,378,4.4,4.33,4.44,2,4.5,0,9,1,95,13,2,18,3
311,338,430,250,378,3.4,4.33,4.11,2.13,4.7,18,7,0,399,53,2,19,2.9
244,225,360,313,411,3.8,3.67,4.44,2,3.8,11,4,0,274,6,1,23,2.7
433,250,330,363,433,4.2,4.33,4.44,1.75,3.7,116,30,0,430,24,2,20,3.3
400,363,300,313,433,4,4.33,4.44,1.88,3.8,3,17,0,201,28,2,18,3.5
333,338,310,163,311,4.2,3.67,4.78,1.25,3.8,25,3,1,159,14,1,24,3.2
356,250,470,450,389,4.4,4.11,4.89,1.38,4.5,81,23,0,298,28,2,19,3.8
400,313,450,263,378,4.4,4.22,4.89,1.5,3.8,7,13,4,119,5,2,18,3.1
389,288,380,338,356,3.8,4,4.78,1.63,4.3,344,24,1,314,14,2,18,3.5
311,325,420,388,344,4.4,4.22,4.78,1.88,4,180,14,2,191,20,2,22,3
467,288,390,400,467,4.6,4.78,4.67,1.5,4.4,22,3,0,180,32,2,20,2.8
256,375,300,225,278,3.4,4.22,4.33,2,4.1,3,1,0,417,12,1,19,2.6
367,300,310,425,344,5,3.89,4.33,1.5,3.8,32,12,0,363,42,2,19,3.5
289,350,430,413,333,4,3.89,4.33,1.5,4.4,84,1,2,139,7,2,20,3.2
433,213,390,250,356,4,4,4.56,1.38,4.5,173,9,1,224,29,2,20,3.9
267,313,350,375,378,4.6,4,5,1.63,4.8,27,2,0,64,27,1,20,3.4
333,138,350,288,322,3.8,4,4.56,1,4.1,20,6,1,58,17,2,19,3.5
467,275,390,363,433,4.6,4.33,4.89,1.63,4.4,286,57,1,282,26,2,19,3.5
256,375,360,338,378,3.8,4.44,4.67,1.75,4.3,4,4,0,269,40,2,21,2.3
267,388,420,188,378,4,4.67,4,1.25,4.6,1,3,4,123,15,1,20,2.8
333,238,320,300,422,4.6,3.89,4.11,3,4.1,1,2,0,260,30,1,19,3.3
333,338,350,425,344,4.4,3.67,4.44,1.75,3.8,1,13,0,199,45,2,19,3.4
378,300,310,400,411,5,4.78,4.78,2.25,3.9,30,7,0,322,59,2,19,3
311,325,370,338,344,3.8,3.89,4.11,1.5,4.3,3,2,0,198,25,1,18,2.8
356,288,490,363,356,4,3.89,4.67,1.38,4.5,22,3,0,458,96,2,20,3.3
333,163,430,313,367,4,4,4.33,1.63,4.4,21,3,0,248,41,2,19,3
267,288,350,150,333,4,4.44,4.56,1.38,4.4,162,4,9,136,21,2,19,2.3
333,325,300,263,367,3.8,3.67,4.56,1.38,3.7,140,25,1,419,11,2,22,2.9
400,338,420,338,367,4.6,4.44,4.78,2.13,4.2,53,11,0,395,57,2,20,3.2
222,275,380,450,267,3.8,3.56,4.11,1.88,3.9,15,8,1,139,7,1,20,3.4
411,463,400,300,389,4.2,4.67,4.67,2.13,4.3,795,42,0,273,12,2,20,2.5
322,250,480,350,378,4,4,4.78,1.5,4.1,24,26,0,574,66,2,20,3
322,350,370,413,389,3.8,4,4,1.5,4.2,15,5,2,120,10,2,19,3.2
300,350,410,363,300,4,3.89,4.67,1.88,4.1,117,29,4,489,19,2,20,1.9
267,188,300,338,344,4.2,3,3.89,1.88,3.7,1,3,0,94,18,1,21,2.5
389,288,430,300,378,3.8,3.44,4.44,1.38,4.4,28,5,4,120,14,2,22,3.5
311,263,410,375,367,4.2,4,4.33,1.88,4.4,54,9,0,310,31,2,19,3.2
400,300,410,350,356,4.4,4,4.89,2.13,4.5,23,12,1,405,62,2,19,3.4
289,313,260,288,300,4.4,3.89,4.33,1.5,3.8,73,3,0,106,46,2,18,3.1
344,338,290,350,333,4.2,3.89,4.33,2.25,3.7,2,1,0,228,28,2,19,2.8
411,325,400,375,433,4.2,4.44,4.33,1.88,4.5,156,41,12,125,12,2,22,3
322,288,430,425,389,5,4.11,4.56,1.38,4.2,73,1,0,332,28,1,21,3.3
222,300,290,325,367,4,4.33,3.89,2.13,4.5,3,5,0,226,7,1,17,3.2
278,488,230,150,256,3.2,4,4.56,1.5,3.7,97,3,3,143,9,1,21,1.7
400,388,210,338,289,4.8,3.67,4.89,1.63,4,69,5,0,225,8,1,20,3
333,250,270,263,378,4.6,4.11,5,1.75,4.3,3,7,0,172,47,2,18,3.8
311,350,370,300,378,4.4,4.89,4.89,1.75,4.6,5,7,1,199,19,2,21,3.4
267,200,440,388,467,4.6,4.67,4,1.38,4.5,0,2,0,107,8,2,18,3.4
356,338,410,325,344,4.4,4,4.22,2,4.2,24,29,1,152,23,2,19,3.1
289,188,250,275,344,4,3.44,4.22,1.75,3.4,55,34,0,433,37,2,20,2.8
367,213,300,363,333,4.2,4.11,4.22,1.63,3.5,26,3,0,467,42,1,19,3.4
300,388,410,163,411,3,4.11,4.11,2.13,4.7,53,2,2,123,12,2,20,2.3
333,488,420,388,311,5,4.67,4.56,1.25,4.3,15,21,0,261,18,2,18,3.2
278,338,390,463,244,5,4.22,4.89,1,4.8,20,9,0,277,7,1,21,3.8
300,338,400,300,344,4.8,4,4.33,1.5,4.4,90,6,1,223,33,2,21,2.7
289,275,370,238,311,4,4.56,5,1.5,3.9,73,1,0,38,3,1,18,2.9
378,300,420,363,378,4,4.44,4.33,1.38,3.8,131,5,1,27,11,2,20,3.2
389,225,490,463,356,4.4,4.56,4.44,1.5,4.7,8,3,0,167,6,1,25,4
278,425,500,388,367,3.8,4,4.22,1.75,4.8,1,1,0,472,19,1,18,2.9
456,163,340,350,322,4.2,3.67,4.67,1.75,3.8,73,2,0,162,12,1,20,3.5
344,175,380,263,322,3.6,4.22,4,1.5,4.1,35,1,1,199,20,2,21,2.9
444,325,350,413,267,4.8,4.11,4.44,1.5,4.5,2,3,0,227,49,2,18,3.2
311,138,380,388,411,4.8,4.78,4.78,1.5,4,36,16,1,616,31,1,19,3.8
311,375,330,300,311,3.6,3.67,4.22,1.5,3.6,0,1,0,97,11,1,18,3.1
222,338,500,338,367,4.4,4.56,4.22,2,4.7,45,22,1,172,18,2,19,3
300,313,370,288,344,4.2,3.56,3.67,2.5,4.1,79,25,2,240,11,2,20,3.2
300,350,370,288,400,4,4,4.78,2.25,4.1,31,5,0,117,11,1,19,2.8
256,250,280,400,311,4.4,3.78,4.56,1.5,3.4,5,6,0,280,9,1,20,3
244,313,380,288,322,3.4,3.33,3.44,2.63,3.7,347,2,6,89,17,2,18,2.3
278,363,320,250,367,4.2,4.33,4.44,1.88,4.2,24,6,3,154,41,2,19,2.7
311,350,420,300,367,3.4,3.78,3.33,3,4.5,550,29,7,216,10,2,18,2.7
367,300,390,363,456,4.2,4.44,4.11,1.5,4,7,1,0,134,22,1,21,3.5
333,338,390,325,289,3.6,4,4.56,2.5,3.6,42,7,0,187,27,2,21,3
500,175,140,200,322,1.8,3.22,4.78,1,1.8,26,3,7,418,10,1,22,3.6
178,475,330,275,222,3.4,3.89,4.22,1.63,4.2,5,1,0,45,6,2,19,2.9
367,300,390,325,378,4,4.11,4.22,2.13,4.3,20,11,0,209,34,2,20,3.6
378,313,270,313,356,4.2,4,4.22,2.13,3.3,30,12,2,223,26,2,19,3
344,338,350,300,244,4,3.89,4.44,1.63,3.9,0,2,0,181,14,2,19,3.1
444,238,440,413,400,4.6,4.67,5,1.5,4.8,66,16,0,527,26,2,21,3.7
389,375,380,388,344,4.2,4.56,4.78,1.13,4.5,15,10,0,200,35,2,20,3.2
422,163,460,463,433,5,4.89,4.22,1.38,4.2,6,2,0,167,21,1,19,3.6
267,288,450,475,344,4.8,4.33,4.67,1.25,4.6,73,1,0,128,6,2,19,3.7
322,350,400,338,400,4.6,4.22,4.89,1.5,3.9,20,13,6,186,7,2,21,3.8
344,300,480,413,389,4.4,4.22,3.67,1.75,4.7,24,22,0,328,30,2,19,2.9
356,313,360,388,367,4.8,4.11,4.56,2.38,4.8,8,7,0,380,54,2,18,3
411,275,490,438,400,4.6,4,4.89,2,4.3,6,17,4,638,30,2,20,3.9
333,325,330,350,356,4.4,4.67,4,2.38,3.8,1,26,0,124,11,2,19,2.8
222,425,310,275,256,4.4,3.33,4.56,1.88,3.9,4,11,4,117,8,2,18,1.6
322,238,380,450,300,5,3.22,4.22,1.75,3.9,27,19,1,195,15,2,18,3.6
333,313,300,325,300,4.4,3.89,4.56,2.25,4.2,30,4,0,444,43,1,19,2.7
278,300,260,313,367,4.2,3.78,4.11,1.88,3.4,28,4,0,415,38,2,21,3.2
344,375,360,250,367,4.8,4.22,4.67,1.63,3.7,2,11,0,176,28,2,17,2.8
411,313,340,338,256,4.2,2.78,5,2.5,4.2,0,1,0,41,0,1,20,3.5
289,338,380,175,256,3.8,3.56,4.33,1.63,3.8,13,1,0,174,5,1,29,3.5
422,388,450,400,178,4.8,4,4.56,1.25,4.4,28,2,0,265,33,2,21,2
378,325,400,250,433,3.8,4.33,4.67,2.38,4.8,208,6,39,52,7,1,19,2.8
389,175,440,350,378,4.2,4.11,4.89,1.13,5,6,1,0,91,34,1,19,3.3
344,413,420,375,311,3.2,3.89,3.78,3.13,4,73,4,0,39,3,2,19,2.7
289,275,470,375,378,4.4,4,5,1.25,4.9,4,1,0,336,14,1,20,3.2
322,225,310,288,378,4.2,3.67,3.78,2.13,3.6,41,3,3,113,6,1,19,2.8
344,225,350,388,278,5,4.33,4.78,1.5,3.8,73,4,0,287,34,2,19,2.8
433,375,300,300,333,4.4,4.11,4.67,1.75,4.4,53,1,0,165,30,2,23,3.9
222,338,440,375,289,4,4.11,4.56,1.75,4.4,2,1,0,62,95,2,19,3.4
378,250,370,300,322,4.6,4.11,4.89,1,4.5,14,6,0,244,14,1,20,3.7
322,375,430,438,322,4.8,4.56,4.89,1.5,4.9,96,22,0,433,67,2,18,4
344,425,220,288,378,3.8,4.33,4,1.88,3.7,2,4,0,119,27,2,18,3.5
356,300,340,425,300,5,3.33,4.89,1.88,4.5,1,4,0,321,100,2,18,3.4
356,350,420,263,367,4.2,4,4.11,2,4.7,119,2,6,140,9,1,20,2.93
322,450,360,275,300,3.6,4.22,4,1.38,4.3,480,17,6,152,16,2,20,2.2
400,425,470,375,289,4,4.33,4.33,1.13,4.3,76,19,0,415,63,2,19,3.2
333,363,340,313,389,4.4,4.67,4.22,1.5,3.7,11,6,0,276,69,2,20,2.6
378,388,390,388,311,4.2,3.78,4.67,1.75,3.9,5,2,0,533,41,2,19,3.1
356,188,360,325,378,4.4,4.22,4.44,1.5,4.6,36,5,5,199,32,2,19,4
422,375,420,338,356,3.6,4.33,4.44,1.38,4.2,44,5,3,511,36,2,21,2.6
389,313,360,338,411,4,4.22,4.78,2,3.9,228,33,1,224,14,2,21,2.9
322,275,350,363,433,4,4.11,4.33,2.25,4.1,30,10,0,307,35,2,18,3
333,438,350,388,322,3.6,4.22,4.33,1.38,4.7,11,7,0,244,56,2,19,2.2
200,238,380,338,311,4.2,4.22,4.89,1.13,4,1,4,0,38,5,1,19,3.1
322,450,260,338,344,4.4,4.11,4.89,1.63,4.1,49,5,0,402,30,2,20,3.3
289,288,420,325,300,4,3.56,4.56,1.63,4.5,16,12,0,226,48,2,18,3.3
256,300,270,275,356,4.4,3.89,4.56,1.75,3.5,19,5,1,243,14,1,19,3
233,363,350,275,267,3.6,4.22,4.22,1.88,4.9,41,3,0,185,19,2,19,2.5
311,375,430,363,367,4.4,4,4.33,1.88,4.8,302,42,24,349,46,2,18,2.3
189,350,460,313,289,3.2,4.44,4.22,1.25,4.8,84,10,1,227,37,2,20,3.2
400,338,440,438,467,4.4,4.44,4.56,1.38,4.4,20,6,0,339,71,2,22,3.2
256,275,230,238,333,4,3.89,4.11,1.63,3.5,34,3,9,61,14,1,18,3.2
378,175,470,413,389,4.2,3.78,4.89,1.75,4.3,12,9,0,250,28,2,21,3.1
378,288,430,313,422,3.6,3.56,4.56,1.13,4.8,78,15,2,174,8,2,21,3.6
367,375,430,425,333,4.8,4.11,4,2.5,4,43,25,0,447,37,1,18,2.8
422,288,450,400,411,4.8,4.33,4.67,1.13,4.8,88,8,0,218,31,2,21,3.3
400,325,410,400,356,3.8,4,4.78,1.75,3.9,114,8,0,231,34,2,21,3.3
300,225,300,313,267,3.6,3.33,4.67,1.38,4.1,0,8,0,384,24,1,18,3.1
367,363,320,388,367,4.8,4.33,4.56,1.88,3.7,2,5,0,534,70,2,18,2.6
344,275,430,400,333,4,4,4.11,1.75,4.4,8,11,0,397,17,2,20,3
300,313,470,363,344,4.4,3.89,4.33,1.25,4.8,56,19,2,91,13,2,19,3.3
356,338,380,275,378,3.6,4.56,4.89,1.38,4.5,5,3,0,258,11,1,20,2.8
278,363,380,225,333,4.2,4.22,4.33,1.63,4.2,337,5,1,90,16,2,19,2.3
400,350,260,338,222,3.2,3.11,5,1.63,3.4,283,6,0,201,42,2,20,3.1
378,413,440,325,333,4.2,4.11,4.56,1.88,3.9,75,5,0,171,8,2,38,3.3
311,288,450,475,367,4.6,4.33,4.89,1.5,4.8,179,59,8,1453,57,2,21,3.6
289,213,350,263,389,4.4,3.89,4.89,1.75,4,73,4,0,100,7,1,19,3.1
400,250,330,388,367,4.6,4.56,4.78,1.25,3.9,73,9,0,334,9,1,19,3.6
378,425,370,200,411,4,4.11,4.33,2.25,4.3,17,6,0,66,13,2,19,2.7
222,338,310,338,267,4.4,3.89,4.56,1.38,4.4,47,38,2,194,59,2,19,3.2
256,388,350,325,333,4.4,4.22,4.44,1.5,4.4,73,1,0,298,33,2,18,3
333,238,330,313,411,3.6,3.67,4.11,1.5,3.1,8,4,0,102,10,1,20,3.4
489,288,490,413,311,4.2,3.89,4.89,1.88,4.6,22,26,4,297,22,2,19,3.4
311,325,450,338,333,4.2,4,4.44,1.88,3.8,28,13,0,406,16,2,20,3.4
378,213,440,263,300,4.4,3.22,4.78,1.38,4.7,1,2,0,79,5,1,18,3.6
278,188,340,338,356,3.8,4.33,4.56,1.75,4,0,3,0,163,24,2,18,2.7
389,438,280,263,344,4.4,4.22,4.44,1.25,3.4,26,6,1,94,17,2,19,3.1
322,275,270,325,344,4,3.56,4.33,1.88,4,14,4,1,241,12,1,20,2.8
389,375,490,325,333,4.2,3.56,4.44,2.5,4.7,16,22,0,561,67,2,19,3
200,450,380,413,367,4.6,4.67,4.78,1.5,4.5,66,3,2,308,37,2,19,3.3
311,338,390,350,256,4.4,4.33,4.33,1.75,4,28,15,0,242,25,2,19,2.8
367,325,350,400,356,3.8,3.89,4,1.75,3.9,48,2,0,136,47,2,21,3
456,275,230,200,311,3.4,3.33,4.67,1.88,2.3,0,1,0,56,12,1,18,3.1
289,388,440,400,322,4.2,4.22,4.22,1.38,4.5,83,33,0,419,24,2,19,3.8
256,325,300,425,267,4.2,3,3.78,2.25,3.6,177,29,0,407,23,2,20,3.1
422,400,290,263,367,4.2,4.44,4.78,1.88,4.1,3,5,0,129,35,2,18,1.9
200,413,240,338,322,4.4,3.89,4.11,1.5,3.9,38,2,4,151,19,2,20,2.9
344,275,240,175,344,4,4.56,4.89,1,4.6,18,3,0,138,21,2,19,2.9
289,250,300,263,356,4,3.33,4,2.13,3.5,13,1,2,147,9,1,21,2.8
300,213,420,438,400,4.8,3.89,4,1.88,4.6,6,5,0,403,19,1,19,3.3
322,288,250,400,300,4.6,4.22,4.78,1.88,4.1,24,6,5,310,22,2,20,3.5
200,413,450,338,322,4.2,4.56,4,1.88,4.8,32,2,3,581,74,2,21,2.5
289,338,360,263,289,3.6,4,4.33,1.88,4,5,6,0,126,13,2,20,2.6
378,300,350,388,344,4,3.67,4.78,2.38,3.7,28,15,1,185,7,2,20,3.7
433,313,460,363,456,3.8,4.67,4.67,1.75,4.6,25,15,0,584,64,2,21,2.8
367,213,400,400,389,4.2,4.11,4.44,2,4,62,16,0,1037,92,2,20,3.4
322,288,330,450,233,4.2,3.22,4.89,1.63,3.7,127,4,4,687,22,1,21,3.5
300,288,470,313,422,4,4.11,4.33,2.13,4.3,118,49,8,743,58,2,18,3.3
378,150,360,388,378,4.2,4.22,4.89,1,4,8,3,0,259,31,1,20,4
456,200,420,413,444,5,4.22,4.78,1.5,4.3,83,9,0,252,14,1,19,4
167,463,420,288,311,4.4,3.78,4,2.5,4.5,0,8,0,209,15,2,19,2.7
433,313,400,338,300,3.4,3.67,4.11,1.88,4,4,12,3,148,31,2,20,2.9
322,263,340,275,311,3.8,3.67,4.11,1.88,3.9,73,9,1,80,3,1,28,2.4
256,263,230,213,322,3.4,3.33,4.56,1.63,4.1,22,1,2,137,1,1,19,2.9
300,388,450,425,344,4.4,4,4.67,2.13,4.8,112,4,0,328,43,2,18,2.8
333,375,390,275,400,4.6,4.44,4.67,1.5,4.7,37,4,4,267,29,2,20,2.7
400,363,400,438,322,4.8,4.33,4.89,1.5,4.8,218,10,0,449,40,2,18,3.3
333,300,340,338,333,3.8,3.22,4,2.38,3.8,3,2,1,76,21,2,22,3
389,338,300,263,356,4.2,4.33,4.89,1.5,4.5,30,2,0,243,71,1,21,2.8
378,363,440,325,344,4.6,3.78,4.78,1.25,4.4,6,20,1,213,36,2,21,2.8
244,325,400,388,356,4,3.44,4.56,1.75,4.7,15,2,3,70,7,2,18,3.1
433,313,300,275,356,3.8,3.44,4.78,1.25,3.8,5,13,18,206,15,2,20,3.4
333,300,360,400,411,4.6,4.44,4.11,1.88,4.3,0,4,0,21,4,2,21,3.5
444,175,500,363,411,3.8,4.11,4.78,1.38,4.9,10,4,4,168,26,1,20,3.5
278,350,430,300,267,3.6,3.89,3.56,1.13,4.4,17,1,1,79,15,2,21,3.1
444,125,390,313,356,4.2,3.89,4.89,1.25,4.2,0,6,0,237,26,1,18,3.4
378,250,420,300,422,4,4,4.33,2.13,4.4,48,1,0,376,39,2,21,3
367,400,420,325,333,4,3.56,4.56,3.75,3.9,9,9,1,241,34,2,19,3.3
422,213,270,275,333,4.8,4.22,4.56,1.38,4.8,39,25,1,223,30,2,19,3.3
489,263,410,325,489,4,4.56,4.78,1.38,4.4,25,4,0,72,10,2,21,3.2
244,388,340,375,356,4.6,4,4.22,1.63,4.3,24,5,1,184,26,2,18,2.9
256,350,380,350,344,4.6,4,4,1.63,4.6,73,5,1,117,38,2,17,3.1
333,275,350,275,389,3.8,4,3.67,2.5,4,37,16,0,401,52,2,19,3.2
356,250,360,338,389,3.4,3.89,4.67,1.88,3.8,21,10,3,36,5,1,19,2.7
289,325,440,413,278,4.6,3.56,4.11,2.13,4.8,46,22,7,70,11,2,19,3.1
367,263,400,363,411,4.6,4.56,4.67,1.63,4.9,11,29,0,181,12,2,20,3.7
300,250,340,338,389,4.4,4,3.89,1.25,4.5,38,13,1,177,34,2,18,3.1
267,263,360,325,322,4.2,4.44,4.67,1.38,4.1,3,9,0,139,23,2,18,3.1
400,188,390,488,278,4.8,2.67,4.22,1,4.2,22,23,2,352,18,2,21,4
256,288,420,313,289,4.2,3.89,4.11,1.25,4.3,12,8,0,133,8,2,21,2.1
411,325,460,438,411,4.8,4.78,4.89,1.88,4.8,50,10,0,189,26,2,20,2.8
233,375,210,238,233,3.2,4,4.22,2,3.6,1,4,0,420,28,2,20,1.7
289,338,440,363,422,4.2,4.56,4.56,1.75,4.4,32,2,0,470,60,2,18,2.7
211,175,370,238,444,4,4,3.67,1.75,4.4,14,11,0,329,48,2,19,2.6
322,263,480,338,444,3.6,4.56,4,1.38,4.9,86,8,0,191,19,2,17,3.1
322,388,450,425,211,4.8,3.67,4.56,1.75,4,16,17,0,311,35,2,22,3.7
444,300,430,463,344,4.8,3.33,5,1.5,4.5,14,13,0,360,45,2,22,3.6
467,200,290,263,356,3.8,3.89,4.33,1.63,4,14,7,0,99,19,2,20,3.8
422,463,460,188,267,3.6,3.89,4.89,1.5,4.8,41,7,0,200,61,2,19,3.1
378,313,320,250,289,4.2,3.78,5,1.75,3.6,309,2,1,242,49,1,19,2.6
389,400,290,325,344,4.2,4.33,4.89,1.63,4.1,7,1,0,263,25,2,19,3.2
322,338,440,313,356,4.6,4.11,4.78,2.25,4.6,15,13,0,278,30,2,18,3
300,188,460,388,400,4.8,4.78,4.67,1.25,5,22,3,0,111,8,1,18,3.1
333,200,410,450,422,5,4.67,4.44,1.88,4.7,4,1,0,188,61,2,18,3.2
289,350,340,238,289,4.2,3.33,3.78,2,3.7,7,1,0,240,10,2,20,2.6
311,375,450,300,333,3.8,3.67,3.78,2,4.3,423,20,4,299,34,2,20,2.5
333,350,460,425,289,3.8,3.89,4.78,2,4.1,0,1,3,18,21,2,17,2.7
300,338,280,175,367,4.6,4,4.33,2.13,4.2,0,1,0,118,8,1,21,2.4
444,238,420,363,378,4.4,4.56,4.78,1.75,4.5,25,5,0,206,31,2,20,3.4
356,375,350,288,356,4.4,3.78,4.44,1.75,3.8,4,11,1,104,14,2,18,3.5
311,425,350,313,322,5,3.89,4.11,1.88,3.5,0,8,2,134,19,2,19,2.9
300,213,360,325,378,3.6,4.11,4.33,2.13,3.7,0,1,0,47,0,1,22,3.3
267,350,380,425,378,4.2,3.44,4.22,1.63,4.2,30,8,2,575,55,2,20,3.2
378,250,470,288,478,4.4,4.56,4.78,1.25,4.7,0,2,0,180,51,2,19,3.4
411,263,290,375,389,4.4,4.22,4.67,2.13,4.1,57,23,2,239,29,2,20,3.2
389,250,360,313,356,4.4,3.78,4.44,1.5,3.7,0,2,0,110,5,1,20,3.3
311,400,440,400,444,4.4,4.78,4.89,1.5,4.6,887,50,0,207,52,2,18,2.7
422,163,360,288,389,3.8,3.67,4.56,1.5,3.9,56,9,1,315,11,1,24,3.5
367,250,390,425,356,4.8,3.56,3.89,1.5,4.3,45,17,1,314,27,2,18,3.1
333,238,330,288,322,3.4,3.89,4.11,1.63,3.6,78,1,0,337,40,1,18,2.6
233,425,320,400,267,4.8,4.56,4.89,1.13,4.8,3,4,0,197,40,2,21,3
422,263,460,488,278,4.6,3.56,4.44,1.63,3.8,49,3,3,375,34,1,21,3.4
333,275,430,338,400,3.8,3.78,3.89,2.13,4.2,10,11,5,523,84,2,20,2.7
378,263,380,375,378,4.4,4.44,4.33,1.88,3.4,42,5,0,308,37,2,20,3.9
389,163,450,438,256,4.6,3.44,4.44,1.25,4.4,317,6,0,376,29,2,20,3.7
333,250,380,225,433,4,4.33,4.56,1.88,4.5,58,4,2,156,17,1,20,3
344,300,340,275,378,4.6,3.89,4.78,1.13,3.8,38,7,0,292,38,2,19,3.3
289,350,350,450,267,5,2.89,4.56,2.38,4,88,18,3,345,43,2,20,3.3
311,313,490,388,333,4.4,4.56,4.67,1.25,4.3,3,2,4,554,33,2,23,3
356,450,260,350,222,3.8,3.22,4.56,2.5,3.2,120,2,0,76,19,2,19,2.8
444,263,350,325,478,4.6,4.56,4.56,2.13,4.6,0,13,0,257,19,2,21,2.8
289,275,380,438,322,4.6,4.33,4.11,1.38,3.9,73,7,0,445,94,2,19,3.4
422,225,410,425,444,4.6,4.56,4.89,2,4.4,49,9,0,145,14,2,18,3.7
300,325,270,213,344,4.2,3.44,4,1.38,3.8,29,1,0,81,0,1,21,2.4
422,263,310,263,389,4,4.44,4.78,1.63,4,73,6,4,119,16,1,19,3.2
322,388,370,288,233,3.8,3.67,4.33,2,3.9,22,10,2,175,10,2,19,3.4
278,138,460,425,267,4.2,4.22,4.89,1.25,4.8,510,3,32,79,8,1,21,3.8
389,363,410,413,444,4.2,4.33,4.78,1.5,4.6,71,44,2,98,19,2,19,3.5
300,338,420,275,300,4.4,3.67,4.67,2.13,4.2,30,6,2,370,66,2,20,2.8
333,288,280,350,400,4.4,3.44,4.67,1.75,4,40,9,2,149,14,1,19,2.7
422,300,480,463,411,4.6,3.56,4.89,1.75,4.8,24,2,0,443,89,2,22,3.8
344,313,450,338,311,4.2,4.11,4.56,2,4.1,27,2,0,396,34,2,18,3.4
256,200,310,300,344,3.8,4.44,4.67,1.88,4.4,49,16,9,686,25,2,21,2.4
289,413,360,363,244,4.2,3.44,4.56,2.38,4.2,2,13,0,497,64,2,18,2.9
322,275,380,225,300,3.8,3.78,4.67,1.5,4.2,12,7,4,118,12,1,21,3.2
389,413,330,325,344,3.6,4.22,4.67,1.75,3.4,5,7,0,115,12,1,19,3.7
289,288,270,325,322,4.2,3.67,4.67,2,4.4,27,21,1,182,31,2,18,2.8
333,363,380,388,356,4.6,4,4.67,1.38,4.5,8,12,0,145,14,2,22,2.8
267,350,330,263,333,4.4,4.44,4.33,1.5,4.9,28,26,11,155,11,2,22,2.3
411,363,290,325,378,4.2,4.22,4.78,2.25,4,350,2,0,424,40,2,19,2.8
322,275,330,338,422,4.4,4.78,4.22,2,4.3,20,12,3,136,27,2,18,3.5
389,350,380,363,478,4.6,4.67,4.78,1.63,4.3,76,22,1,233,32,2,20,2.8
311,213,380,238,433,3.8,4.11,3.89,1.5,4,9,15,4,174,30,2,19,2.8
389,400,470,313,244,3.6,3.89,4.56,1.38,4.6,49,3,3,59,8,2,20,2.5
267,300,310,363,322,4.6,4.22,4.78,1.75,4.1,62,10,0,244,56,2,18,2.8
378,213,400,325,367,3.8,4,4.56,1.38,3.6,88,5,2,125,14,2,19,3.3
333,225,370,313,367,4.2,4.33,3.67,2.38,3.9,35,2,1,493,55,1,18,2.1
322,313,430,438,333,4.2,3.89,4.56,1.88,4.4,26,14,0,518,21,1,23,3.3
356,363,430,275,389,4.6,4.22,4.44,1.25,4.5,0,3,0,54,7,2,18,2.7
389,375,390,238,389,4,4.11,4.44,2.38,3.7,73,4,0,102,5,1,21,2
289,225,370,275,333,3.8,3.44,4.11,2,4.1,7,4,9,87,15,2,18,2.7
300,425,490,450,356,4.4,4.11,4.33,1.75,4.3,198,27,0,249,23,2,18,3.5
344,238,410,413,344,4.2,4,4.56,1.75,3.7,42,4,2,238,7,1,19,3.2
356,313,420,263,289,4.4,4.33,4.56,1.75,4.2,14,20,0,109,13,2,21,3.2
289,313,370,400,244,4.4,3.44,4.11,1.38,4.2,92,2,1,245,3,1,21,3.3
389,363,410,300,389,3.8,4.56,4,1.75,4.6,4,3,0,100,11,2,19,3
300,313,420,350,278,4.6,4.44,4.56,2,4.6,16,2,0,211,28,2,22,3
400,288,390,375,400,4.8,4,4.78,1,4.2,4,9,0,219,32,2,20,3.7
278,275,290,250,378,4.4,4,4.67,1.88,3.4,14,1,1,159,22,1,19,2.4
267,438,280,288,356,4.6,4.67,4.22,2,4,49,16,0,307,31,2,19,2.6
233,375,340,313,300,3.8,4.33,4.78,1.13,4.3,0,2,1,54,13,2,18,2.9
367,338,390,275,411,4.2,4.67,4.78,1.13,4.7,5,2,0,140,36,2,20,2.6
356,263,430,338,356,4.6,4,4.44,1.5,4.8,329,20,10,221,28,2,21,3.3
422,350,390,250,378,4.2,4.33,4.56,1.88,4.5,28,13,1,91,18,2,19,2.5
289,363,410,425,333,4.4,4.33,4.67,1.25,3.9,168,13,3,380,22,2,19,3.9
389,263,360,388,356,4.8,4.11,4.67,1.38,3.9,228,69,1,267,32,2,19,3.33
356,275,340,425,411,4.8,4.44,4.67,1.5,4,2,2,0,218,8,2,20,3.8
311,263,400,200,411,3.2,4.11,3.89,2.13,3.8,6,3,3,59,7,1,20,3.6
322,325,220,250,389,4.8,3.56,4.33,1.88,3.8,8,3,0,222,42,2,19,2.6
222,275,390,325,300,5,3.67,3.22,1.75,4.1,19,1,9,96,1,1,23,3.3
333,313,320,463,267,4.8,3.89,4.67,1.5,4.3,202,19,0,197,20,2,20,3.4
367,263,450,388,400,4.6,4.33,4.44,1.75,4.7,16,14,0,360,55,2,18,3
311,313,280,250,367,3.8,4.22,4.44,1.5,4.5,10,7,4,169,20,2,20,3.1
456,288,420,363,400,4.8,4.44,4.67,1.75,4.5,79,1,0,214,33,2,18,3.3
333,338,270,275,389,4.4,3.89,4.44,2.13,3.9,10,7,0,212,34,2,19,2.7
278,400,460,488,233,4.4,3.67,4.56,1.75,4.4,79,14,0,342,32,2,21,3.6
344,250,310,288,389,4.2,3.78,4.11,2.13,4,2,13,3,107,15,2,19,3.3
444,163,280,375,389,4.6,3.78,4.89,1,3.7,0,2,0,145,23,1,20,3.8
311,288,450,325,289,3.6,3,3.78,2,4.2,58,7,7,160,13,1,18,2.7
378,263,420,325,422,4,4.56,5,1.38,4.4,5,12,1,374,36,1,19,3
267,438,380,313,267,4,3.89,4.67,1.5,4.2,127,34,1,391,11,2,19,2.5
433,188,330,300,333,4.4,3.78,4.22,2.25,3.3,12,7,0,188,13,1,20,3
422,363,340,275,367,3.6,3.89,4.33,2.25,3.3,19,10,1,158,15,2,17,2.3
244,300,460,325,378,3.8,4.11,4.33,1.88,4.5,127,28,3,436,20,2,20,3.2
344,213,430,450,400,4.6,4,4.56,1.75,4.4,13,1,0,222,33,1,18,3.4
433,225,330,375,278,4,4.22,4.78,1.25,4.6,168,30,1,113,28,2,19,3.8
333,288,420,288,389,3.8,3.78,4.44,2.13,4,30,15,6,458,7,1,21,2.8
400,350,390,300,378,4,3.89,4.44,1.38,4,107,24,3,259,9,1,21,3.1
233,263,470,288,367,3.8,4,4.33,1.75,4.2,38,12,10,93,12,2,19,2.6
411,263,350,325,400,4.2,3.78,4.11,2,3.9,254,37,2,129,12,2,20,3.5
378,350,270,325,278,4.2,4.11,4.78,1.25,3.9,151,10,0,175,21,2,21,3.3
411,350,330,438,267,4.8,3.33,4.67,1.88,4.9,68,24,0,293,151,2,19,3.2
433,213,420,325,378,3.4,3.78,4.33,2.13,4.2,12,6,5,320,44,2,19,2.7
411,225,420,375,411,4.2,4.33,4.67,1.88,4.6,32,16,1,289,14,1,18,3
378,325,310,338,356,3.8,4.44,4.78,1.75,3.9,9,20,1,241,32,2,999,3.1
400,438,490,363,411,3.8,4.78,4.33,2.25,4.8,203,21,0,269,22,2,19,3
367,313,300,275,389,4.8,4,4.56,1.38,4.5,13,11,0,168,32,2,19,3.3
300,400,340,300,278,4.4,3.89,4.67,1.5,3.9,95,14,0,240,28,2,18,2.3
233,350,460,438,378,4.8,3.89,4.67,2,4.9,9,7,1,160,47,2,19,3.6
289,288,290,263,289,3.6,3.33,4.22,1.75,3.7,74,5,0,179,25,2,18,2.9
289,288,290,350,444,4,4.56,4.22,1.88,3.7,1,1,0,210,38,1,19,3.3
289,300,420,275,322,4,3.78,4.22,2.25,4.7,19,37,0,108,10,1,19,3.2
411,325,320,288,367,4.4,4.33,4.67,2,4.2,364,13,0,324,46,2,18,2.9
311,200,340,350,411,4.6,3.33,4.44,1.25,4,13,13,0,157,6,1,24,2.8
333,400,460,388,378,3.8,3.78,4.33,1.88,4.5,0,2,1,203,12,2,20,2.6
378,275,440,313,367,4.6,4.22,4.33,2,4.6,1,2,0,164,11,2,18,3.4
344,338,400,338,422,4,4,4.44,2.25,4.5,0,2,0,53,38,2,19,2.6
300,338,380,338,278,4.4,4.11,4.56,1.25,4,112,17,1,150,18,2,18,2.7
244,388,350,375,333,4.4,3.89,4.44,2,4.4,15,5,1,190,56,2,20,3.3
344,325,280,363,289,3.8,3.89,4.33,2.13,3.8,49,1,0,245,11,1,20,3.7
378,238,450,338,300,4.2,3.78,4.56,2.13,4.5,30,5,4,57,2,2,22,3.2
456,175,340,400,267,5,3,4.78,1.63,4,32,3,0,322,28,2,18,3.9
411,288,470,388,344,4,4.11,4.33,2,4.7,3,6,3,188,12,1,20,2.9
333,325,370,313,333,4,3.56,4.22,2.13,4.2,76,3,2,177,18,2,21,2.7
433,400,350,413,344,4.2,3.78,4.44,2.38,4.3,87,37,2,277,17,2,22,3.6
256,288,300,325,389,3.4,4.33,4.56,1.63,3.9,104,11,0,254,30,1,18,2.9
356,250,370,350,400,4,4.11,4,2.13,3.9,19,11,0,208,14,2,19,2.9
344,263,330,300,378,4.2,4.44,4.56,2,3.9,30,2,0,167,16,1,19,3.1
322,338,390,450,322,5,3.89,3.78,2.5,4,6,3,0,54,9,2,19,3.4
444,288,420,438,389,4.2,4,4.78,1.63,4.4,20,14,0,310,39,2,18,3
367,438,360,325,411,4,4,4.67,2.13,4,0,15,0,165,29,2,19,2.9
356,263,420,338,311,3.8,4,4.56,1.63,3.9,51,13,1,433,33,1,22,3
244,338,290,188,389,4.4,4.44,4.67,1.75,4.2,1,1,0,80,0,1,22,2.8
389,275,400,388,400,4.4,4.56,4,1.75,4,160,18,3,519,22,2,21,3.3
311,275,210,375,300,4.2,4,4.22,1.75,4,5,9,1,305,37,2,20,2.6
289,388,280,350,333,4.4,4,4.22,1.63,3.5,31,12,0,402,59,2,19,3.2
400,363,260,338,344,4.4,3.56,4.89,1.63,4.2,10,2,0,84,24,2,21,3.1
289,250,360,275,444,3.8,4.67,4.78,1.5,4.3,6,19,8,191,20,2,20,2
256,225,440,425,422,4.4,4.67,5,1,4.5,78,15,5,591,32,2,22,2.6
411,313,310,225,356,4.4,4,4.44,1.75,3.9,288,1,0,190,34,2,19,2.9
367,250,340,225,356,3.8,4.11,5,1.25,4.7,104,3,9,201,7,1,20,3
411,375,420,313,367,3.8,4,4.56,1.88,4.5,23,75,1,60,4,2,19,2.7
367,363,410,338,344,4.2,4.44,4.67,1.5,4.4,76,29,2,185,19,2,18,3.3
278,350,370,450,322,4.8,3.78,2.89,2.75,3.7,37,8,0,466,133,2,18,2.3
367,413,440,363,300,3.8,4.22,4.67,1.38,3.7,3,9,0,226,37,2,18,2.5
178,238,260,350,311,4.6,3.33,4.56,1.75,3.9,2,1,0,43,0,1,20,3.2
256,163,490,375,400,4.2,4.56,4.44,1.25,4.6,7,7,7,115,18,2,18,3.8
433,238,380,375,389,4.4,4.11,4.33,2.13,3.9,57,15,0,142,14,1,21,3.4
411,275,480,400,389,4.4,4,4.22,1.38,4.2,39,1,0,132,22,2,22,3.5
233,338,340,250,311,5,4.56,5,2,4.7,23,1,0,73,9,2,19,2.5
344,388,400,338,411,4,3.89,4.33,1.38,4.4,297,20,0,351,66,2,20,3.3
367,325,460,363,400,4.6,4.56,4.67,1.88,4.8,54,13,0,487,30,2,18,3.3
356,325,440,288,222,4,2.67,4.11,1.75,4.3,19,45,1,297,21,2,21,2.6
444,400,380,300,333,3.8,4,4.33,1.88,4.1,0,7,3,124,21,2,20,2.9
289,400,290,163,311,3.8,3.44,4.33,1.75,4.6,35,14,0,163,14,2,18,2.2
311,288,390,338,300,4.4,4,4.78,2,4.4,4,20,0,158,296,2,20,3.2
344,338,420,263,378,4,4.33,4.22,1.75,4.2,2,2,7,80,9,2,19,3.1
356,238,400,438,233,4.6,2.56,4.78,1.5,3.5,3,1,1,49,4,1,19,3
333,338,320,163,378,3.6,3.78,4.33,2,3.8,1,1,0,90,8,2,18,2.8
256,238,330,200,300,3.6,3.33,4.67,1.63,4.3,48,9,0,84,14,1,19,2.2
244,325,360,425,233,4.2,2.67,3.78,2.63,3.3,0,4,0,117,64,2,18,3.4
289,388,310,388,311,5,3.44,3.78,1.63,3,21,6,0,210,37,2,20,2.7
300,375,420,325,356,4.2,4.11,4.67,1.25,4.3,73,1,0,63,14,2,22,3.4
244,325,420,338,422,4,4.22,3.44,1.5,3.9,6,6,2,373,12,2,19,2.2
311,275,380,338,367,4.6,3.89,3.89,2.63,4.4,7,16,1,342,95,2,19,3.5
333,238,450,475,367,4.8,3.89,4.11,1.25,4.8,9,3,0,219,26,1,18,3.1
433,288,400,313,311,4.4,4.44,4.44,1.5,4.8,43,8,4,163,9,1,20,3.7
344,325,380,388,367,4.2,4.22,4.33,1.88,4.6,6,2,2,701,35,2,18,3.2
400,300,280,238,378,4.2,4.22,4.78,1.63,4.5,33,13,0,118,14,2,20,2.8
422,250,480,288,400,4,3.89,4.44,1.88,4.6,5,8,0,454,29,2,20,2.8
344,238,440,400,422,4.8,4.56,3.44,1.88,4,161,1,0,366,9,1,18,3.4
478,350,390,263,433,4.2,3.89,4.67,2,4.4,0,2,0,122,38,2,17,2.9
333,288,370,375,344,4.6,4.56,4.78,1.88,4.7,37,26,0,475,58,2,18,3.1
311,175,380,375,367,4.2,4.11,4.22,1.63,4.1,28,9,0,148,14,2,20,3.8
422,200,430,388,378,4.2,3.67,4.33,1.13,4.7,15,2,2,305,22,1,20,3.9
222,325,460,475,478,5,4.78,4.78,1.38,4.8,73,2,0,641,14,2,21,2.9
467,250,450,400,433,4.8,4.78,4.78,1.38,4.7,52,3,0,130,34,2,20,3.6
400,263,430,438,367,4.6,3.67,4.22,2,4.2,160,13,0,202,14,2,17,3.3
311,363,230,350,322,4,4.33,4.67,2,3.8,0,2,0,227,21,2,20,3.1
344,350,360,388,289,4.2,3.78,4.67,1.5,4.4,32,22,1,140,12,2,21,3.5
378,388,340,275,411,4.4,4.22,4.56,2,3.5,3,9,0,145,16,2,21,2.7
300,238,400,300,400,4.2,4.67,4.22,1.63,4.7,58,2,0,154,7,1,24,3.7
433,338,410,425,244,4.6,3.89,5,1.38,4.8,91,19,3,553,42,2,19,3.8
411,350,500,475,378,5,4.56,4.44,2.25,4.8,0,21,0,575,80,2,18,3.6
389,238,290,263,422,3,4.22,3.78,2,2.9,191,17,9,165,11,2,22,3
322,288,300,325,333,3.8,3.78,4.11,1.88,3.3,52,1,1,84,10,2,21,3.3
411,300,260,325,344,4.2,4,4.67,1.5,3.5,6,9,0,357,46,2,19,3.2
356,388,430,425,267,4.4,4.11,4.67,1.75,4.1,308,4,1,333,59,2,19,2.4
311,363,450,363,444,4.2,4.44,3.78,1.75,4.7,317,28,3,521,38,2,18,2.6
333,225,360,325,378,4.4,4.11,4.44,1.63,4.1,23,12,0,97,11,2,21,3.5
256,300,340,313,267,4.2,3.56,3.89,2.5,3.2,1,1,0,74,8,1,19,3.3
300,213,290,400,278,4,3.56,4.78,1.5,4.2,36,4,0,218,96,1,19,3.7
356,325,450,425,322,4.4,3.44,4.56,1.88,4.2,181,5,0,200,21,2,19,3
289,375,470,313,344,3.8,3.56,3.44,2.5,4.4,37,14,0,869,17,1,19,2.5
267,250,490,338,389,4,3.89,4,1.88,4.1,16,1,3,444,40,2,20,2.5
211,375,380,338,356,4.6,4.33,4.89,1.38,4.2,45,11,7,128,11,2,20,2.1
356,350,430,375,189,4.8,2.56,4.78,1.63,4.4,0,11,0,131,16,2,19,3.7
311,213,410,275,389,4.2,4.11,5,1.38,4.8,32,24,1,62,10,2,19,2.4
411,275,410,300,378,4.6,4.11,4.67,1.5,4.4,14,5,0,70,3,1,18,3.4
433,250,480,400,356,4.4,3.89,4.78,1.75,4.8,38,8,0,74,76,1,19,3.9
378,338,370,213,422,4.8,4.56,4.67,1.38,4.9,37,15,0,195,20,2,21,3.3
289,263,370,288,311,3.6,3.44,4.22,1.13,4.2,48,5,16,350,18,2,20,2.7
389,300,490,413,322,4.6,4.44,4,1.38,4.6,80,8,1,260,17,2,19,3.4
344,288,290,338,244,3.6,3.78,4.67,1.88,3.5,2,5,2,215,15,1,20,3.1
478,388,400,188,422,4.6,4.67,4.89,1.63,4.2,18,8,2,107,8,2,19,2.5
322,425,500,375,356,4.6,4.89,4.89,1.88,4.6,18,6,0,93,8,2,20,3.2
389,200,350,425,344,5,3.78,4.89,1.38,4.3,4,4,0,177,21,2,20,3.4
367,288,400,400,344,4.4,3.56,3.78,1.88,4,1,13,0,171,23,2,18,2.7
289,138,300,325,333,4.4,3.44,4.67,1.25,4.1,221,8,4,209,19,1,19,3
378,325,450,350,456,3.6,4.44,4.78,2,4.7,42,6,7,229,8,1,19,3.2
267,325,370,288,278,4.2,4.44,4.78,1,4.4,2,2,0,37,13,1,19,3
278,238,310,300,400,4.6,4.22,4.11,1.75,4.5,2,2,0,143,13,2,19,3
300,300,390,288,378,4.4,4.11,4.11,2,4.4,23,4,0,212,52,2,21,2.9
244,338,260,213,300,4.4,4,4.56,1.63,4.1,47,12,0,129,22,2,20,3.2
300,400,350,250,289,2.6,2.89,3,4,3.5,93,1,1,215,37,2,21,3.2
478,238,410,338,311,4.4,4.33,4.78,1.38,4.5,26,5,2,95,4,1,20,2.7
267,313,410,388,289,4.8,4,4.56,1.38,4.5,35,29,1,588,11,1,21,2.4
356,300,310,438,300,4.8,3.67,4.11,1.75,3.5,18,12,0,420,50,2,21,3.6
344,288,410,300,411,4.2,4.44,4.22,1.75,4.4,14,16,0,479,49,2,19,3.5
367,363,270,275,378,4.6,4.33,4.89,1.5,3.7,0,6,0,252,14,2,19,2.8
322,188,360,450,311,4.6,3.44,4.22,1.75,3.2,65,4,0,549,44,1,19,4
311,250,340,425,411,4,4,4.11,1.88,3.4,31,33,0,541,38,2,19,3.8
311,425,330,113,356,3.8,4.33,4.56,1.25,4.7,202,15,1,138,14,2,20,1.8
389,425,350,250,289,4.2,4,4.44,1.5,4,22,29,1,345,35,2,18,2.6
389,200,330,275,400,3.6,4.22,4.44,1.75,3.9,18,4,0,105,11,1,20,3.6
211,325,410,288,356,3.8,3.78,4.56,1.88,4.1,42,3,0,86,15,1,19,2.6
256,300,470,325,322,4.4,4,4.67,1.5,4.1,15,3,0,88,10,2,18,3
333,375,390,350,378,4.4,3.78,4.78,1.25,4.4,61,29,3,312,28,2,21,2.7
311,188,340,275,411,3.4,3.89,4.67,2.63,3.9,0,2,2,203,7,1,20,2.5
189,413,400,250,311,3,4.44,4.22,2.25,4.3,54,3,2,170,23,2,18,2
278,350,420,363,289,4.2,3.56,4.44,1.5,4.6,3,17,0,249,41,2,18,2.9
300,350,260,250,322,4.2,4.22,4.56,2,4,0,2,0,120,6,2,23,3.5
322,325,370,350,389,4,4.22,3.67,2.75,3.9,130,15,1,155,14,2,20,3.1
256,163,280,313,433,4.4,4.44,4.56,1.5,3.9,155,14,2,727,28,2,19,3.2
189,363,280,288,244,4,4,4,1.88,4.1,127,71,0,137,23,2,18,2.3
278,188,440,388,311,4.6,3.67,4.89,1.25,4.7,65,4,0,364,26,1,19,3.8
289,338,460,450,244,4.4,3.44,4.67,1.38,4.9,111,12,2,406,24,2,20,2.7
333,238,470,313,422,4.4,4.44,5,1.38,4.7,74,1,0,109,28,2,18,3.5
344,300,360,350,456,4,4.33,4.78,1.5,4,3,6,0,184,27,2,19,2.7
433,200,420,338,400,3.6,4,4.89,1.88,4.6,45,8,0,165,34,2,17,2.7
367,275,330,300,311,4.2,3.67,4.33,2.25,4.2,86,3,0,33,11,1,19,2.5
433,363,350,175,367,3.8,4.33,4.44,1.75,4.2,99,14,4,138,7,2,19,2.2
300,413,270,388,344,4,3.44,4.56,2.25,3.9,47,16,1,317,42,2,21,2.9
244,313,380,288,367,4,4.11,4.11,1.88,3.9,6,3,0,146,35,2,20,2.8
300,275,340,288,356,4.6,4.33,4.78,2,4.4,3,1,0,156,14,2,20,2.7
356,225,370,338,233,3.8,3.44,4.44,1.63,4.1,10,1,5,75,6,1,21,3.6
267,325,400,300,356,4.4,4.44,4.56,1.25,4.1,670,73,0,410,20,2,18,2.6
300,350,380,250,356,3.6,3.44,3.44,1.75,4.5,2,6,0,121,9,1,20,2.7
389,313,420,263,400,3.6,3.78,4.11,2.25,4,650,1,0,452,12,2,21,3.6
344,288,490,388,356,4.8,4.33,4.56,1.38,4.7,30,73,1,363,22,2,18,3.5
389,263,310,413,400,4.6,4.11,4.44,2,3.7,105,45,0,445,32,2,18,2.9
300,375,340,238,278,3,3.56,3.78,2.13,4.2,36,2,0,148,19,1,19,2.1
322,350,360,338,278,4.4,3.56,3.78,1,4.1,9,3,0,67,12,2,19,3.3
233,175,330,450,300,4.8,3.33,3.89,1.25,4,25,3,0,81,5,1,20,2.8
433,213,320,300,389,3.6,4.22,5,1.75,3.7,73,2,0,61,13,1,18,2.9
278,263,400,238,378,4.2,4.44,4.78,1.38,4.6,42,8,2,94,5,2,18,2.9
344,213,320,325,433,4.4,3.89,4.56,1.75,4.2,31,13,0,181,15,2,22,2.7
278,275,280,363,278,4,3.44,4.22,3,3.4,289,9,14,68,11,1,18,3
256,300,270,288,389,4.2,5,4.22,1.75,4.2,1,2,0,83,40,2,19,3.3
289,438,350,300,311,4.4,3.67,4.78,1.63,4.5,45,2,0,201,32,2,20,2.1
278,238,310,325,378,4.2,3.67,4.44,1.75,3.9,73,1,0,78,2,1,19,2.4
289,325,380,375,378,4.2,4.22,4.22,1.5,4.3,143,26,0,416,24,2,20,2.8
389,325,500,338,244,4.6,3.78,4.78,1.5,4.8,73,7,1,66,7,1,21,3.3
278,388,390,163,344,3.8,4.44,4,1.88,3.8,6,6,0,55,13,2,20,2.4
433,200,330,250,322,3.2,3.56,4.89,1.63,3.9,127,23,1,125,9,1,21,3.6
300,238,370,388,378,3.6,4.56,4.89,1.63,4.7,123,41,10,442,12,1,19,2.9
367,300,470,338,456,4.2,4.67,4.11,1.88,4.7,14,5,0,674,18,1,19,3.1
167,338,460,450,300,4.8,3.89,4.56,1.63,4.2,4,9,2,407,41,2,18,3.1
356,238,440,238,411,4.8,4.67,4.44,1.75,4.3,31,29,7,87,12,2,18,2.8
333,413,400,425,322,4.8,4.11,4.22,1.5,4.5,3,1,0,135,79,2,18,2.6
344,313,300,313,433,4.2,4.44,4.22,1.63,3.7,115,63,3,242,5,2,20,2.8
322,313,360,363,356,4.4,3.44,4.44,1.63,3.7,17,12,0,994,73,2,20,2.9
411,275,380,363,300,4,3.89,4.44,1.88,4.3,168,21,0,286,29,2,20,3.2
278,200,430,363,389,4.4,4.22,4.33,1.38,5,43,10,0,292,36,2,20,2.6
356,338,320,375,378,4.6,4,4.33,1.5,4.2,3,17,0,241,50,2,19,3.1
244,288,460,288,378,4.4,4,4.78,1.88,4.4,128,7,0,184,35,2,18,2.4
289,313,350,250,356,3.8,4,3.67,2,3.2,72,8,12,149,14,1,19,3.4
289,250,430,413,311,5,4.44,3.89,2.13,4.7,128,1,1,76,41,1,18,3
422,150,400,288,433,4.6,4.67,4.56,1.13,4.7,49,9,3,279,16,2,22,4
133,425,420,313,133,3,3.44,3.67,2.13,4.2,43,9,3,218,9,1,18,1.4
422,200,400,438,456,4.8,4.67,4.89,1.63,4.5,87,18,2,188,28,2,18,3.8
422,263,320,338,333,3.8,3.89,4.56,1.5,3.8,48,20,0,291,66,2,19,3.6
244,438,440,388,311,4.2,3.33,4.33,2.38,4.2,37,3,1,165,22,2,19,2.4
300,338,310,175,233,4.6,4.33,4.33,1,4.5,64,9,5,110,6,2,20,2.2
244,200,350,425,356,4.6,4.33,4.44,1.13,4,5,19,6,246,16,2,19,3.6
367,288,280,275,333,3.4,4.33,4.67,1.63,3.8,9,3,0,120,15,2,19,3.5
444,363,430,250,356,3.2,4,4.78,2.5,4.6,1,1,0,113,18,1,18,2.7
300,213,410,263,322,3.6,3.44,4.67,1.5,4.1,6,1,3,45,16,1,21,3.2
344,438,350,350,400,4.8,4.33,4.67,1.25,4.5,261,2,1,404,33,2,21,2.8
267,350,390,300,278,4,3.89,4.33,1.38,4.1,41,30,1,192,45,2,18,3.2
278,275,380,375,356,4.2,4.11,4,1.63,3.8,1,6,0,229,23,2,18,3
289,250,410,350,256,4.6,3.67,4.33,1.75,4.7,12,1,0,180,31,2,20,3
278,325,260,350,344,5,4,4.22,2,4,4,7,0,138,29,2,19,2.8
389,313,300,400,311,4.4,3.44,4.89,1.63,4,43,12,2,196,19,2,21,3.5
211,338,380,338,333,3.4,4.22,4.44,1.63,4.7,0,7,0,165,17,2,21,3.2
322,313,290,238,311,4.8,4,4.44,1.5,3.7,5,8,1,153,14,1,19,3.2
311,338,360,413,300,5,4.11,4.56,1.25,4.6,0,9,0,354,52,2,18,3.5
289,238,310,313,289,3.4,4,4.67,1.75,3.4,153,4,3,72,19,2,21,3.8
356,175,370,488,256,4.2,3.89,4.89,1.13,4.1,137,6,0,127,7,1,25,3.5
356,238,360,275,400,3.8,4.22,4.56,1.88,4.1,35,22,0,190,14,2,20,3.2
400,313,340,238,389,3.2,3.78,5,2.38,4.4,14,4,1,20,12,2,17,1.8
278,275,380,150,333,3.6,3.89,4.56,1.88,4,28,4,1,58,12,2,20,2.9
300,288,360,438,333,4.2,4.22,4.56,1.38,3.6,38,13,3,292,25,2,19,2.7
378,288,340,300,433,3.8,4.44,4.56,1.88,4.2,24,6,1,385,19,1,21,3.2
344,250,500,350,344,4.6,3.78,4.22,1.5,4.4,0,1,0,143,22,1,19,3.6
333,188,380,363,322,4,3.33,4.78,1.63,4.2,4,2,0,173,18,1,18,3.3
322,338,240,200,356,4.6,3.78,4.78,2.25,3.6,7,7,0,98,20,2,21,2.4
400,375,350,338,411,4.2,4.22,4.44,1.75,4.5,0,7,2,215,9,2,20,2
389,313,420,338,411,3.8,4.22,4.44,2.25,4.5,83,24,1,292,10,2,21,3.1
433,363,390,463,333,4.4,4.33,4.78,1.5,3.8,11,15,0,265,76,2,18,3.5
478,238,500,450,422,4.4,4.89,4.67,1.5,5,12,5,0,66,13,2,20,3.7
400,288,370,213,311,4.4,4.33,4.67,1.25,4.7,49,15,0,131,18,2,21,3.2
367,350,380,263,333,4,3.56,4,2.25,3.9,288,14,3,203,20,2,19,3.1
333,288,410,463,356,4.8,4.33,4.89,1.38,3.8,100,4,2,238,23,2,18,3.6
411,363,390,400,389,4.2,4.11,4.56,1.25,4.5,76,7,3,212,10,2,21,3
411,225,360,338,389,4.2,3.89,4.33,2.13,4,3,1,0,128,8,1,20,3.1
300,375,430,238,356,4,3.89,4.11,2.25,4.1,17,18,0,203,39,2,19,3.2
378,425,330,238,300,3.6,4.44,4.11,1.63,4,712,30,36,141,10,2,21,2.3
256,275,380,500,289,4.4,3.67,4.22,1.63,4.4,183,18,10,553,27,2,18,3.5
200,325,350,413,289,4.2,3.44,4.44,2,4,8,15,1,413,43,2,18,2.8
356,375,290,300,289,4.2,4.11,4.67,2,4.3,163,1,0,136,14,2,21,3.2
367,375,400,325,433,4.2,4.33,4.89,1.75,4,33,3,1,238,33,1,19,2.9
389,238,400,350,422,4.8,4.11,4.44,1.63,4.6,0,10,0,178,16,2,19,3.1
256,413,370,175,344,4,4.33,4.44,2.13,4,60,3,1,39,7,2,20,2.1
367,413,370,450,300,4.8,3.67,4.44,1.75,3.8,18,14,0,230,40,2,20,2.9
333,338,410,250,367,4.4,4.33,5,1.38,4.1,22,1,0,93,17,2,20,3.4
367,200,350,375,422,3.8,4.44,4.67,1.88,4.3,35,5,0,268,10,1,21,3.4
400,263,380,463,411,4.8,4.11,4.11,2.13,4.5,51,2,0,203,14,1,21,2.9
400,225,350,288,378,4.4,3.56,3.89,1.88,3.6,28,1,4,299,19,1,18,3
289,225,370,325,378,3.8,4.11,4.22,1.75,4,1,1,1,104,8,1,20,3.2
333,263,350,213,422,4.6,4.33,4.22,1.88,4.2,42,14,1,89,10,2,21,2.8
322,288,390,388,356,4.6,4.67,4.22,1.88,4.2,34,2,0,492,69,2,19,2.9
278,338,280,325,367,4.4,4.22,4.33,1.63,4.2,22,11,1,225,6,2,21,3
356,288,280,313,389,4.6,4.11,4.67,1.25,4.1,40,1,2,104,40,2,20,3.1
389,288,350,438,333,4,4.11,4.89,1.75,4,100,11,0,405,40,2,20,3.3
389,238,450,350,444,4,4.56,4.11,2.13,4,76,20,1,188,15,2,18,3.4
367,313,360,375,389,4.6,4.67,4,2.38,3.9,17,9,0,183,27,2,20,3.5
433,363,310,325,289,3.6,4.11,4.67,1.63,4,32,19,1,181,22,2,19,3.1
300,438,370,300,378,4.6,3.89,4.22,1.5,4.7,0,9,1,113,22,2,18,2.5
322,300,400,338,378,4.4,4.44,4.22,1.75,4.5,29,1,0,141,38,2,18,3.1
322,263,370,363,333,4.2,3.78,3.89,2.25,4.2,4,12,1,229,2,1,20,2.7
256,338,380,313,278,4.6,4.44,4.22,2,4.1,16,13,0,879,20,2,20,3.1
400,225,300,338,356,4.8,4.11,4.22,2.38,4.1,18,18,1,319,30,2,20,2.8
267,400,480,338,378,4,4.33,4.44,1.25,4.8,110,21,2,102,20,2,17,2.4
400,250,420,350,322,4,4,4.56,2.63,3.8,0,3,1,141,15,1,21,3.2
244,138,340,425,400,4.6,4.33,4.67,1.13,4.1,74,6,0,261,30,2,20,3.3
344,338,470,213,311,3.6,3.67,4,2,4.2,84,6,0,181,30,1,20,3.1
300,325,410,363,333,4.4,4.22,4.78,1.63,3.5,1,7,0,193,33,2,17,4
344,338,430,400,378,4.2,4.22,4.33,1.5,4.7,227,127,0,452,14,2,19,3.4
200,313,410,400,356,4.6,4.22,3.89,1.63,4.2,31,12,0,281,21,2,20,2.7
200,338,400,425,211,4.4,2.89,3.78,1.63,4.9,28,13,1,107,9,2,19,3.1
456,325,320,338,389,5,4.67,4.89,1.13,4.3,96,7,0,177,19,2,20,3.3
389,225,270,250,333,4,3.67,4.11,1.88,3.5,73,2,0,169,59,2,19,2.9
256,400,370,288,322,3.2,3.33,4,2.5,4.1,73,2,3,122,18,2,18,3.2
444,188,410,338,400,4.4,4.33,4.89,1.38,4.5,21,16,0,627,40,1,20,3.7
433,288,320,375,400,3.8,3.67,4.56,1.88,3.6,29,25,4,107,12,2,20,3.5
400,400,320,463,356,4.8,4.33,5,1.13,4.2,21,5,0,352,22,2,20,3
289,275,500,350,378,4,4.22,4.22,2,4.8,74,23,0,270,26,2,18,2.9
278,350,410,313,222,4,2.11,4.56,2.25,4.6,164,5,0,211,10,1,19,3
344,313,400,413,311,4.8,4.67,4.89,2.38,4.1,190,28,0,461,46,2,19,2.5
289,375,380,288,378,4.2,4.11,4.33,1.88,4.6,118,33,3,164,15,2,18,2.5
322,463,330,388,344,5,3.89,4,2.5,4.1,73,2,0,40,3,2,20,2.5
356,313,260,425,344,4.4,4.22,4.33,1.88,4.1,50,11,2,166,22,2,19,3.4
233,300,440,288,311,4,3.67,3.89,2.13,4.4,14,13,5,118,8,1,19,3.5
267,363,360,263,311,4.2,3.33,3.44,2.5,3.7,139,10,22,80,7,2,18,2.3
278,413,300,300,378,4.2,4.11,4.33,2,4.2,22,11,0,468,45,2,21,3.1
322,350,280,213,400,4.2,3.67,4.44,2,3.8,21,21,0,314,12,2,24,3.5
411,200,460,425,411,4.8,3.89,4.78,1.5,4.8,87,3,1,328,33,1,19,4
333,263,330,325,333,3.8,3.67,4.67,1.88,4,0,6,2,220,47,2,19,3.2
311,325,370,338,411,3.8,3.89,4.22,2.38,3.8,231,9,4,272,13,2,20,2.9
433,375,320,275,411,4.4,4.33,4.89,1.75,4.2,49,1,0,177,37,2,20,2.5
311,300,350,350,400,3.8,4.22,3.33,2.5,3.6,126,4,0,254,16,1,21,3.3
367,363,440,325,333,4.8,4,4.78,2.25,4.6,104,121,16,551,49,2,18,3.2
278,300,420,388,378,4.2,3.56,4.67,2.13,4.4,123,71,3,1088,17,1,21,2.6
389,263,350,350,333,3.8,3.89,4.78,2.13,4.6,35,1,0,196,25,1,18,2.9
300,375,440,338,333,3.4,4,4.22,1.63,4.1,58,32,1,723,36,2,21,3.3
344,288,380,338,344,3.6,4.33,4.44,1.63,4.5,45,13,0,239,19,2,19,3
256,400,300,200,356,4.6,4,4,2,3.6,0,4,0,298,50,2,19,3.2
322,213,350,475,289,5,3.67,4.67,2,4,15,7,0,921,114,1,19,3.6
344,213,440,338,400,4.4,4.56,4.44,2.13,4.5,222,2,0,40,17,2,20,3.6
211,275,410,375,344,4.2,4.22,4.56,1.38,4.8,0,6,0,69,11,2,19,2.8
378,263,330,488,344,4.6,4.56,4.78,1.13,3.9,0,17,1,371,16,2,21,3.1
289,438,270,250,244,4.4,3.56,4.78,1.75,3.9,45,13,4,120,18,2,20,2.6
211,263,470,463,433,4.8,4.67,3.44,1.25,5,83,11,0,281,45,2,20,3.6
400,288,390,288,389,3.4,4.22,4.33,2,3.6,1,1,1,88,18,2,19,3.5
244,263,440,375,356,4.8,3.67,4.33,1.38,4.7,55,7,0,322,15,1,19,3.7
433,188,380,413,356,4.6,4.67,4.56,1.75,4.4,7,10,1,149,14,1,20,3.7
278,438,500,325,322,4.6,4.67,4.67,1.13,4.9,126,9,1,617,27,2,20,3
333,263,380,463,311,4.6,4.22,4.78,1.5,4.3,19,4,0,1006,78,1,21,3.3
367,288,320,388,356,4.2,3.78,4.56,1.88,3.8,28,2,1,296,4,1,21,3
422,263,340,475,289,4.6,3.67,4.33,2,3.5,55,4,1,350,40,1,20,3.5
433,300,370,400,233,4.6,3.11,4.78,2.25,4.3,82,3,0,673,78,1,19,3.3
244,263,350,225,300,3.6,3.67,4.33,1.5,3.9,25,14,0,54,9,2,18,2.8
322,300,350,425,344,4.8,4.11,4.78,1.75,4.4,2,3,0,369,38,2,20,4
367,363,310,263,300,4.2,4.22,4.44,1.5,4,115,6,0,115,10,2,20,3.6
422,313,360,438,378,4.2,3.67,4.11,2,3.9,21,6,1,188,17,1,18,3.4
456,425,390,338,322,4.4,4.67,5,1.13,4.7,171,8,1,98,7,2,21,3.2
444,225,440,400,433,4.2,4.56,4.78,1.75,4.3,0,4,0,185,40,2,22,3.4
244,338,420,263,344,4.2,4.11,4.11,1.38,4,20,9,3,145,12,1,23,3.4
444,400,420,288,311,4.2,4.22,5,1.13,4.4,91,10,0,289,23,2,21,2.9
333,263,400,263,433,4,4.44,4.56,1.63,3.8,68,8,1,217,19,2,20,2.6
367,338,310,275,378,3.4,3.67,4.33,1.38,4.1,177,1,1,255,19,2,20,2.8
256,213,280,188,400,4.2,3.89,4.56,1.5,3.8,3,2,0,49,1,1,20,3.1
256,325,490,388,389,4.6,4,4.22,1.5,4.2,86,4,4,184,15,2,22,2.8
433,238,440,363,422,4.4,4.67,4.89,2,4.6,2,5,1,459,108,2,18,2.9
333,375,400,375,356,4.2,4.33,4.56,1.75,4.1,3,7,0,145,13,2,21,2.7
378,238,330,288,344,4,4,4.22,1.88,3.9,0,2,0,25,2,1,21,3.2
389,263,360,363,322,3.6,3.33,3.44,2.75,3.4,2,8,12,66,1,1,19,3.28
400,325,490,400,378,4.2,4.33,4.44,2,4.8,52,9,0,217,42,2,18,3
333,300,330,388,333,4.4,3.78,4.78,2.13,4.3,3,3,0,230,15,1,21,2.8
367,275,330,325,433,3.8,4.33,4.33,2.13,3.9,49,19,1,367,15,2,18,3.6
322,313,460,363,356,4.6,4.44,3.56,2.13,4.4,41,1,0,135,36,2,18,3
378,288,330,375,356,4.2,4,4.22,2.38,3.8,0,6,1,143,12,1,18,3.1
289,263,310,388,356,4.8,3.78,4.44,1.88,3.7,10,11,0,201,14,2,21,2.9
344,338,390,200,433,4,3.89,4.56,2,4.2,1,6,0,172,5,1,21,2
344,363,440,225,333,4.2,4.33,4.33,2.13,4.7,82,3,1,310,46,2,19,3.1
356,388,420,275,311,3.4,4.11,4.11,2,4.2,3,7,0,116,16,2,19,2.6
333,388,410,388,300,4.4,4.44,4.78,1.88,4,41,1,0,219,18,1,20,3.4
333,388,410,300,344,4,4.22,4.67,1.63,3.9,21,28,0,195,30,1,20,3.1
278,188,350,363,389,4.8,4.33,4.44,2.25,4.2,18,1,0,791,25,1,19,3.2
356,338,290,250,389,5,4.44,4.33,1.75,4.3,145,7,1,124,16,2,19,2.9
378,263,370,350,278,4,4.11,3.56,2.5,3.8,73,2,0,163,332,1,19,3.5
333,313,320,288,389,3.4,4.22,4,2.38,3.8,130,5,2,101,11,2,18,2.9
333,275,240,350,322,4.6,4,4.78,1.5,3.8,0,12,0,214,48,2,18,3.2
311,263,310,400,378,3.8,3.78,4.44,1.75,3.8,40,15,1,173,12,2,20,3.1
411,388,420,488,300,4.4,3.89,4.78,1.38,4.6,19,20,0,128,18,2,21,3.5
489,263,490,413,300,4.4,3.11,4.67,1.88,4.8,49,35,4,281,26,2,21,2.9
367,238,420,275,356,4,3.44,4.44,2.13,4.3,6,1,2,17,1,1,21,3.3
356,375,380,325,389,3.8,4.33,4.22,2.38,3.7,21,7,0,161,6,2,20,2.8
322,225,300,350,344,4,3.67,4.56,1.75,3.6,43,11,1,309,15,1,20,2.9
333,200,310,350,444,4.8,4.44,4,1.63,4.4,0,5,3,146,25,2,19,3.6
389,263,480,438,422,4,4,4.11,1.63,5,12,14,2,251,16,2,21,3.6
356,300,280,350,378,4.4,4.44,4.33,2.5,3.8,13,4,0,211,34,2,18,3.1
389,388,350,325,356,4.2,3.89,4.56,2,4,19,21,0,239,10,1,21,3.6
389,338,320,288,422,4.4,4.11,4.56,1.88,3.7,208,27,0,188,11,2,19,3.4
500,188,440,375,500,4.6,4.89,5,1.25,4.4,800,3,0,249,46,2,18,3.6
322,263,310,338,356,4.4,4.22,4.56,2.13,4.1,107,11,0,307,34,2,19,3.1
222,238,380,363,367,4,4.22,4.89,1.75,4.2,16,7,1,282,22,2,20,3.2
333,200,280,325,411,4.8,3.56,4.89,1.25,4.4,11,2,0,160,13,1,21,3.3
400,238,460,300,322,3.6,3.78,4.67,1.63,4.9,13,1,1,72,16,2,21,3.2
400,200,310,400,411,4.8,4.22,4.33,2,4.2,19,6,1,98,27,2,18,3.2
367,338,400,375,289,5,4.33,4.22,1.38,4.5,46,43,2,236,14,2,18,2.9
211,388,360,413,322,4.4,3.44,4,1.88,3.9,53,11,8,66,17,2,19,3.1
267,313,390,200,311,4,4.22,4.44,2,4.1,48,1,0,101,7,1,20,3.4
289,425,350,225,344,3.6,3.89,3.89,1.63,3.5,112,33,55,306,11,2,19,3.2
356,288,450,275,322,3,4.11,4.22,2.38,4,0,1,0,65,17,1,19,4
178,250,470,363,300,4,3.56,3.89,2.38,4.5,2,2,0,146,10,1,19,3.6
289,238,320,400,356,4.6,3.22,4.56,2.13,3.9,173,4,3,184,8,1,20,3
333,400,290,288,222,4.4,4,4.56,2,3.9,89,19,0,195,43,2,18,2.4
378,225,420,438,411,4.4,4,4,1.88,4.5,459,18,0,163,20,2,18,2.9
411,425,420,388,367,4.6,4.22,4.78,2,4.6,42,8,2,469,24,1,18,3.7
222,388,420,463,311,4.4,4.56,4.56,1.88,4.5,282,3,0,205,18,2,20,3.4
289,438,270,300,344,3.8,3.67,4.56,2,3.8,0,14,3,155,23,2,18,2.3
344,200,290,363,467,4,4.56,4,2,3.7,31,9,0,258,28,2,21,3.1
467,288,420,350,411,3.6,4.44,4.78,1.75,4.5,14,26,0,290,42,2,21,3.1
333,338,450,363,344,3.2,3.67,4,2.13,4.6,59,20,10,227,23,2,22,3.8
389,313,430,400,367,4.8,4,4.56,2,4.3,5,31,1,166,23,2,18,3.1
356,375,410,388,333,3.8,3.44,4.44,2.63,4.4,3,17,0,90,15,2,19,3.4
389,375,440,325,333,3.6,4,4.22,2.13,4.4,16,3,21,92,11,2,19,2.8
333,400,310,450,333,4.8,4.56,4.78,1.25,3.3,5,9,1,487,26,2,21,3.4
400,313,450,350,411,4.6,4.22,4.22,2.13,4.6,5,4,1,142,7,1,19,3.1
167,263,290,238,322,3,3.22,4.56,1.5,4.4,939,14,53,208,11,2,21,2.1
411,263,410,425,433,4.2,4.44,4.78,1.88,4.3,31,42,1,483,49,2,19,3.5
311,250,320,375,300,4.6,3.44,3.67,1.13,4.9,1,1,1,162,19,1,20,3
356,388,280,250,356,4.4,3.78,4.11,2.13,3.5,0,7,0,159,34,2,18,2.9
278,450,500,450,189,4.2,1.89,4.78,4.5,5,41,4,1,244,32,1,18,3.4
333,225,390,400,378,4.2,4.44,4.56,1.88,4,36,17,0,196,27,2,19,3.1
344,263,460,350,444,4.4,4.33,3.56,1.88,4,81,4,0,224,31,2,18,3.5
367,375,350,238,467,4.8,4.78,4.78,1.75,4,270,5,0,227,47,2,21,2.9
367,263,420,325,344,4.2,4.33,4.67,1.13,4.5,26,22,1,303,11,2,21,3.8
167,488,300,238,300,4,4.11,4.33,1.38,4,295,17,12,368,22,2,19,2.1
378,338,340,300,344,3.8,4.22,4.78,1.75,4,15,1,7,59,4,2,18,3.2
344,325,350,425,333,4.4,3.67,4.44,1.63,3.8,17,11,0,377,79,2,21,3.8
344,275,240,388,344,4.2,3.89,4.67,1.38,3.4,20,13,1,172,27,2,19,3.5
344,350,430,400,389,4.6,4,4.56,2,4.3,31,12,0,238,28,2,20,3.2
378,238,380,250,433,4.4,4.33,4.56,1.88,3.6,10,4,0,195,23,2,17,2.7
378,463,420,250,322,4.4,4.22,4.67,1.88,4.3,31,35,1,239,16,2,20,3.4
300,313,350,463,189,4.8,3.11,3.56,1.75,3.9,8,6,0,182,25,2,21,3.7
222,300,450,325,333,2.6,3.56,3.22,2.88,4.4,299,3,33,106,5,2,19,3.2
289,313,390,300,389,4.6,3.89,4.78,1.63,4.5,90,15,0,260,33,2,20,2.8
333,313,300,350,389,4.2,3.89,4.67,2,3.9,9,17,0,256,21,2,20,2.9
289,163,500,488,333,4.8,3.89,4.22,1.25,5,85,29,1,186,12,2,20,3.3
322,263,470,288,356,5,4.78,4.89,1,4.8,0,1,0,286,56,2,18,3.2
300,425,410,225,278,4.8,4.78,4.89,1,4.9,300,19,1,189,14,2,21,2.5
367,313,460,300,422,4.8,4.56,5,1.13,5,50,11,1,427,31,2,21,2.5
322,238,340,225,333,3.4,3.67,4.33,1.88,3.7,17,11,0,127,13,2,21,3.2
278,313,500,413,356,4.6,4.78,4.33,1.38,4.7,874,4,1,471,20,2,20,3.8
233,363,340,225,322,3.6,3.56,4.22,1.13,3.7,820,23,12,40,3,1,19,2.4
300,363,330,275,356,3.8,3.78,3.67,2.13,4.1,46,7,0,237,68,1,18,2.7
