bfinh,bfioh,bfieh,bfiah,bfich,bfiae,bfiaa,bfiac,bfian,bfiao,wallposts,portraits,imp_avs,friends,likes_portrait,sex,age,selfesteem
375,260,225,267,256,4,4.56,4.67,2,3.7,3,2,0,264,25,1,21,3
250,410,338,389,344,4.2,3.89,3.89,2.25,4.1,70,24,0,571,21,1,22,3.4
325,440,413,344,333,4.4,3.67,4.11,2.25,4.6,102,10,1,624,32,1,18,3
363,290,225,344,389,3.8,3.56,4.44,1.88,3.6,73,6,0,103,9,1,21,3
375,450,288,300,267,4.4,2.78,3.89,1.88,5,8,3,0,449,21,1,20,3.3
263,470,325,400,344,4,4.22,3.67,1.63,4.7,160,2,0,267,19,2,19,4
288,470,375,411,378,4.2,4.33,4.67,1.63,4.4,8,13,0,655,82,2,22,3.4
275,320,300,344,300,4.2,3.89,4.89,2.25,4.6,0,3,0,200,24,1,19,3.15
288,360,338,367,200,4.6,4.67,3.56,1.25,4.7,1198,4,7,127,23,1,19,3
175,290,275,411,367,3.6,4.78,4.89,1.25,4,1,2,8,189,7,1,18,3.6
375,380,363,289,400,3.8,3.67,4.44,2.25,3.8,5,11,0,281,41,2,21,3
275,500,400,433,389,4.8,5,4.89,1.13,4.8,881,11,0,293,50,2,20,2.9
388,410,313,322,289,4.4,3.89,4.22,1.75,4,73,1,0,124,16,2,21,2.4
363,430,250,378,356,4.4,4.33,4.11,1.75,3.8,73,26,0,285,16,2,18,2.7
175,430,400,378,356,4.6,4.44,4.56,1.5,4.4,13,4,0,137,6,1,19,3.3
250,400,350,367,333,4,4.22,4.78,1.88,4.3,38,8,5,408,12,1,19,3.4
413,320,463,178,367,4.6,3.33,4.89,1.63,4.1,282,50,2,119,12,2,19,3.3
313,410,325,344,400,4,3.44,4.89,2.13,4.6,121,50,1,197,10,2,19,4
400,460,275,267,144,4,3.33,3.67,2.38,4.6,0,1,0,52,21,2,21,2.8
363,410,363,289,456,4.2,3.56,4.89,2.25,3.8,73,2,0,266,70,2,18,2.8
388,350,363,389,300,3.4,3.22,4.44,2.38,4,200,22,3,118,7,1,19,2.1
413,430,375,256,422,4.8,5,4.78,1,4.8,51,41,1,133,23,2,18,3.3
338,280,200,356,378,3.6,3.67,4.22,2.25,3.9,50,3,1,227,29,2,19,2.9
325,410,400,322,367,4.8,4.89,4.89,1.25,4.8,51,6,0,306,15,1,20,3.2
238,370,263,311,367,4.2,3.56,3.78,2,4.3,9,22,0,319,23,2,20,3.2
188,400,288,400,244,4.2,4.44,4.78,1.63,4.6,470,16,9,636,30,2,19,2.7
313,300,300,333,356,3.8,3.89,4,2.25,3.7,14,9,0,109,10,1,22,3
363,330,213,456,356,4.4,4.33,4.78,1.75,4.3,43,3,0,196,24,2,21,3.3
263,480,363,389,367,4.6,4.11,4.56,2.25,4.5,644,13,0,106,34,2,18,3.8
438,400,350,367,289,4.8,4.44,4.44,1.75,4.6,233,9,0,211,30,2,19,2.5
175,460,400,356,467,4.4,4.11,4.78,1.5,4.5,169,25,0,245,20,2,20,3.5
275,450,400,367,233,4.6,4.11,4.11,1.25,4.8,188,55,2,981,18,2,19,3.5
225,380,250,311,289,3.8,4.22,3.67,1.13,4.2,73,2,0,157,11,2,20,2.8
325,400,375,333,211,3.6,3.89,4,2,3.6,323,28,98,72,8,1,19,2.5
363,410,375,344,278,4.2,4.78,4.44,1.88,4,51,10,1,283,16,2,22,3
275,400,300,367,333,4.4,3.56,4.89,1.75,4.6,21,2,0,146,28,2,18,3.4
300,410,375,378,356,4.6,3.33,3.44,2,4.8,17,2,2,215,14,1,23,2.6
250,410,325,333,422,4,4.11,4.56,1.5,4.1,14,2,0,57,16,2,18,3.7
225,440,350,289,289,4,3.44,4.33,2,4.3,68,12,0,82,260,2,21,3.6
400,470,413,178,211,4.4,3.22,4.33,1.88,4.7,80,12,0,490,46,2,19,2.9
463,240,263,222,344,2.8,4,4.78,1.38,3.1,11,4,0,116,22,2,18,2
288,410,300,389,289,3.8,4.11,4,2.38,4.5,1,2,1,14,11,1,20,2.7
300,390,375,278,344,4.4,3.44,4,1.75,3.4,267,42,1,410,27,2,19,2.3
425,280,313,322,389,4.2,3.44,4.78,1.88,3.7,68,15,1,332,38,2,19,3.2
238,440,450,400,367,4.6,4,4.67,1.13,4.2,13,13,2,669,33,2,22,3.7
350,470,238,311,289,4,4.44,4.56,1.88,4.7,0,3,0,124,14,1,19,2.9
225,330,438,278,333,4.8,3.33,3.78,1.88,3.9,97,21,0,215,36,2,17,3.4
200,360,238,433,267,4.2,4.56,4.78,1.5,3.7,36,6,3,209,13,2,21,2.7
275,340,288,400,333,4.4,3.89,4.67,1.88,4.5,144,12,0,143,10,2,19,2.4
425,450,338,178,333,3.6,3.56,4.56,1.38,4.7,72,13,0,436,64,2,20,2.88
338,390,450,422,356,4.6,3.78,4.11,1.5,4,116,10,0,554,41,2,19,2.5
125,460,463,411,356,4.4,3.89,4.22,1,4.4,933,19,1,1049,55,2,19,3.8
350,160,213,244,367,3.6,3.67,4.33,2,3,8,7,0,111,16,2,20,3.2
413,450,275,344,322,4.2,4,4.56,1.13,4,85,2,0,174,16,1,20,2.4
338,460,325,356,322,3.4,4.33,4.89,1.5,4.7,2230,36,0,209,22,2,20,3.5
225,380,425,367,378,4.2,4.78,4.22,1.25,4.2,1,3,0,212,36,2,18,3.9
275,370,413,322,278,4.8,4.44,4.11,1.5,3.8,29,4,0,537,61,2,20,2.6
363,490,475,356,456,4.2,4.11,4.67,1.13,4.7,183,29,2,901,16,2,21,3.2
238,380,388,344,389,4,3.67,4,2.13,3.6,345,32,7,536,49,2,21,2.9
300,330,300,222,411,3.8,3,4,1.88,4,16,2,0,113,15,2,21,3.2
238,300,313,411,311,4.2,4.11,4.67,1.88,3.9,2,6,0,260,8,1,20,2.9
263,430,363,322,189,4.4,3,5,1,4.5,2,13,9,244,7,1,20,2.5
225,370,475,289,356,4.8,3.67,4.11,1.63,4.1,32,17,0,306,20,2,17,3.3
313,460,350,411,433,4.6,4.44,4.67,1.25,4.7,32,4,0,256,46,2,19,3.8
275,470,388,267,378,4,2.33,4.11,2.88,5,286,44,0,217,11,2,18,3.6
288,280,313,344,344,4.2,4.33,4.67,2.38,3.7,5,15,0,352,23,1,19,2.8
213,390,363,411,444,4.4,4.33,4.78,1.63,4.2,235,40,4,239,19,2,22,3.7
125,420,413,422,444,4.2,4.44,4.67,1.13,4.3,12,2,0,531,25,1,18,3.8
238,310,300,244,289,3,2.22,3.33,1.75,3.6,6,3,0,80,8,1,19,2.9
238,390,400,411,422,4.2,4.44,4.78,1.5,4,82,27,0,270,49,2,20,3.2
300,240,313,322,367,4.2,4.22,4.67,1.25,3.9,3,2,1,166,9,2,18,2.9
300,410,338,411,256,3.8,3.89,4.67,1.63,4.3,15,7,1,224,17,1,20,3.6
263,270,225,378,311,3.8,3.67,3.67,2.5,3.6,8,2,0,144,34,2,21,2.7
188,400,338,367,289,4.2,3.78,4.67,1.63,3.9,4,6,0,187,31,2,20,3.4
300,380,400,333,333,4.2,4.22,4.56,1.88,3.6,47,39,0,315,18,2,20,2.9
338,270,325,311,378,4.4,3.78,4.67,1.75,3.6,44,14,3,278,45,2,18,2.5
138,410,350,389,344,4.4,3.89,4.33,1,4.4,3,3,1,435,17,1,19,3.6
288,470,288,289,322,3.4,2.67,4,1.88,4.8,4,3,0,83,23,2,18,3.5
350,310,213,333,378,3.8,4.33,4.78,1.75,3.9,0,1,0,258,9,1,20,3.4
425,430,288,367,300,3.4,4.33,4.11,1.63,3.9,209,31,0,468,31,2,18,2.9
288,410,350,344,344,4.4,4.56,4.33,1.13,4.2,36,6,0,434,41,1,24,3.6
363,470,400,378,367,4.6,4.56,4.89,1.63,4.9,15,14,0,307,25,2,18,3.4
250,410,313,322,289,3.4,3,4,1.75,4.6,93,13,0,66,8,2,24,3.4
375,360,350,378,233,4.6,3.78,4.33,1.63,3.9,23,6,9,93,26,2,19,3.4
113,370,413,367,244,4.8,4.22,4.11,1.25,4,22,20,0,208,32,2,18,3.2
375,500,450,311,333,4.6,4.44,4.89,1.13,5,222,8,4,156,17,1,20,2.8
325,440,413,400,311,4.6,3.67,4,2.38,4.2,16,36,0,310,30,2,19,2.8
325,360,300,300,278,4.2,3.67,4.22,1.38,4,4,8,0,134,34,2,19,2.7
325,440,388,389,267,4.2,4,4.67,2.13,4.5,95,48,9,98,11,2,19,3.2
363,260,263,222,256,4.8,4.33,5,1.5,4,177,47,0,90,81,2,21,2.5
338,370,250,244,278,2.8,4.11,4.11,2.25,3.9,0,9,2,115,12,2,21,3.1
225,400,375,267,344,3.8,3.67,4.67,1.5,3.4,185,9,0,150,12,2,19,3.1
338,340,388,278,289,3.8,2.89,2.78,2.88,3.6,73,9,0,150,14,1,19,2.5
350,410,350,400,433,4.4,4.56,4.56,1.63,4.6,206,5,0,343,14,2,19,3.5
288,400,263,411,344,3.4,4.33,4.67,2.13,4.4,48,24,0,269,52,2,18,3.1
288,450,463,267,256,4.4,3.78,4.89,1.75,4.3,45,24,2,612,111,2,18,2.8
225,360,338,311,478,4.6,3.33,4.33,1.88,4,0,1,0,72,11,1,19,3.5
338,390,388,356,389,4.6,3.78,4.56,2,4,399,20,3,288,10,2,19,3.3
325,340,288,300,200,3,3.22,2.89,2.63,3.2,4,7,0,69,11,2,19,2.7
338,410,400,344,300,4.2,3.78,4.44,1.88,4.2,75,12,0,643,164,2,18,3.1
213,410,338,389,422,4.2,3.78,4.33,1.5,4.5,67,38,0,447,29,2,23,5.92
238,340,325,422,367,4.6,3.78,4.89,1.5,4.5,1,7,1,91,7,2,21,3.6
200,480,463,333,344,4.6,4.11,4.78,1.13,4.8,68,22,0,634,26,2,20,3.4
400,340,363,411,344,4.4,4.33,4.33,2.13,3.8,72,8,0,362,50,2,21,3.2
213,320,475,367,411,4.8,3.56,4,2.25,2.7,32,10,4,341,6,1,19,3.4
163,400,438,411,433,4.4,4.56,5,1.63,4.3,149,10,3,117,9,1,22,3.6
388,420,375,300,344,4.4,3.89,4.22,1.75,3.6,78,26,1,108,23,2,21,2.3
263,490,350,278,233,3.6,3.44,3,3,4.6,29,12,2,591,8,1,19,3.5
388,470,300,356,378,4.2,4.56,4.22,1.75,4.7,43,14,0,313,41,2,19,2.4
400,430,338,344,244,3.4,3.89,4.56,2.13,4.4,244,16,6,512,27,1,21,2.7
238,310,338,378,344,4.6,3.89,3.56,2.25,3.6,17,10,1,162,8,1,20,3.2
413,420,363,367,267,4.8,4.11,4.22,1.25,4.3,114,4,0,271,16,2,21,3
275,410,363,389,344,4.6,4.22,4.78,2,4.2,4,1,0,226,33,1,18,3.3
425,310,175,356,367,3.6,4,4.78,1.38,3.7,21,15,0,239,21,2,20,2.3
213,310,338,278,344,4.6,3.89,4.89,1.25,3.8,406,23,0,153,13,2,18,3.2
300,440,425,244,378,5,2.89,4.78,2.25,4.6,175,54,2,155,21,2,19,3.9
238,330,350,433,300,4.2,4.44,4.44,2,4.1,41,16,0,337,30,2,19,3
438,450,250,411,400,5,4.78,4.89,1,4.5,15,7,0,219,56,2,18,2.6
250,450,325,300,322,4.2,3.56,4.33,1.63,4.9,439,3,1,85,11,2,19,2.4
450,380,400,278,400,4.4,4.56,4.56,1.25,4.7,1,5,0,236,42,2,20,3.6
288,380,400,389,322,4.2,3.78,4.11,2.13,4.1,31,4,0,115,15,1,20,2.3
313,360,250,322,267,4.2,4.44,4.67,1.63,4.3,10,4,0,133,57,2,17,2.3
275,200,150,267,311,2.8,2.44,4.22,1.5,3.7,0,2,4,91,13,2,19,2.2
338,440,413,311,322,4.8,4.33,4.67,2.13,4.5,2,8,0,421,53,2,20,3.7
275,390,425,356,411,4.6,3.89,4.67,1.88,4.3,1,8,0,687,76,2,18,3.6
200,450,375,389,344,4.2,3.56,4.22,1.13,4.7,9,6,1,261,19,1,19,3.4
313,440,450,267,333,3.6,3.33,4.89,1.25,3.9,251,20,0,126,18,2,19,3
375,410,338,378,222,4.4,4.33,4.44,2,4.5,0,9,1,95,13,2,18,3
338,430,250,378,311,3.4,4.33,4.11,2.13,4.7,18,7,0,399,53,2,19,2.9
225,360,313,411,244,3.8,3.67,4.44,2,3.8,11,4,0,274,6,1,23,2.7
250,330,363,433,433,4.2,4.33,4.44,1.75,3.7,116,30,0,430,24,2,20,3.3
363,300,313,433,400,4,4.33,4.44,1.88,3.8,3,17,0,201,28,2,18,3.5
338,310,163,311,333,4.2,3.67,4.78,1.25,3.8,25,3,1,159,14,1,24,3.2
250,470,450,389,356,4.4,4.11,4.89,1.38,4.5,81,23,0,298,28,2,19,3.8
313,450,263,378,400,4.4,4.22,4.89,1.5,3.8,7,13,4,119,5,2,18,3.1
288,380,338,356,389,3.8,4,4.78,1.63,4.3,344,24,1,314,14,2,18,3.5
325,420,388,344,311,4.4,4.22,4.78,1.88,4,180,14,2,191,20,2,22,3
288,390,400,467,467,4.6,4.78,4.67,1.5,4.4,22,3,0,180,32,2,20,2.8
375,300,225,278,256,3.4,4.22,4.33,2,4.1,3,1,0,417,12,1,19,2.6
300,310,425,344,367,5,3.89,4.33,1.5,3.8,32,12,0,363,42,2,19,3.5
350,430,413,333,289,4,3.89,4.33,1.5,4.4,84,1,2,139,7,2,20,3.2
213,390,250,356,433,4,4,4.56,1.38,4.5,173,9,1,224,29,2,20,3.9
313,350,375,378,267,4.6,4,5,1.63,4.8,27,2,0,64,27,1,20,3.4
138,350,288,322,333,3.8,4,4.56,1,4.1,20,6,1,58,17,2,19,3.5
275,390,363,433,467,4.6,4.33,4.89,1.63,4.4,286,57,1,282,26,2,19,3.5
375,360,338,378,256,3.8,4.44,4.67,1.75,4.3,4,4,0,269,40,2,21,2.3
388,420,188,378,267,4,4.67,4,1.25,4.6,1,3,4,123,15,1,20,2.8
238,320,300,422,333,4.6,3.89,4.11,3,4.1,1,2,0,260,30,1,19,3.3
338,350,425,344,333,4.4,3.67,4.44,1.75,3.8,1,13,0,199,45,2,19,3.4
300,310,400,411,378,5,4.78,4.78,2.25,3.9,30,7,0,322,59,2,19,3
325,370,338,344,311,3.8,3.89,4.11,1.5,4.3,3,2,0,198,25,1,18,2.8
288,490,363,356,356,4,3.89,4.67,1.38,4.5,22,3,0,458,96,2,20,3.3
163,430,313,367,333,4,4,4.33,1.63,4.4,21,3,0,248,41,2,19,3
288,350,150,333,267,4,4.44,4.56,1.38,4.4,162,4,9,136,21,2,19,2.3
325,300,263,367,333,3.8,3.67,4.56,1.38,3.7,140,25,1,419,11,2,22,2.9
338,420,338,367,400,4.6,4.44,4.78,2.13,4.2,53,11,0,395,57,2,20,3.2
275,380,450,267,222,3.8,3.56,4.11,1.88,3.9,15,8,1,139,7,1,20,3.4
463,400,300,389,411,4.2,4.67,4.67,2.13,4.3,795,42,0,273,12,2,20,2.5
250,480,350,378,322,4,4,4.78,1.5,4.1,24,26,0,574,66,2,20,3
350,370,413,389,322,3.8,4,4,1.5,4.2,15,5,2,120,10,2,19,3.2
350,410,363,300,300,4,3.89,4.67,1.88,4.1,117,29,4,489,19,2,20,1.9
188,300,338,344,267,4.2,3,3.89,1.88,3.7,1,3,0,94,18,1,21,2.5
288,430,300,378,389,3.8,3.44,4.44,1.38,4.4,28,5,4,120,14,2,22,3.5
263,410,375,367,311,4.2,4,4.33,1.88,4.4,54,9,0,310,31,2,19,3.2
300,410,350,356,400,4.4,4,4.89,2.13,4.5,23,12,1,405,62,2,19,3.4
313,260,288,300,289,4.4,3.89,4.33,1.5,3.8,73,3,0,106,46,2,18,3.1
338,290,350,333,344,4.2,3.89,4.33,2.25,3.7,2,1,0,228,28,2,19,2.8
325,400,375,433,411,4.2,4.44,4.33,1.88,4.5,156,41,12,125,12,2,22,3
288,430,425,389,322,5,4.11,4.56,1.38,4.2,73,1,0,332,28,1,21,3.3
300,290,325,367,222,4,4.33,3.89,2.13,4.5,3,5,0,226,7,1,17,3.2
488,230,150,256,278,3.2,4,4.56,1.5,3.7,97,3,3,143,9,1,21,1.7
388,210,338,289,400,4.8,3.67,4.89,1.63,4,69,5,0,225,8,1,20,3
250,270,263,378,333,4.6,4.11,5,1.75,4.3,3,7,0,172,47,2,18,3.8
350,370,300,378,311,4.4,4.89,4.89,1.75,4.6,5,7,1,199,19,2,21,3.4
200,440,388,467,267,4.6,4.67,4,1.38,4.5,0,2,0,107,8,2,18,3.4
338,410,325,344,356,4.4,4,4.22,2,4.2,24,29,1,152,23,2,19,3.1
188,250,275,344,289,4,3.44,4.22,1.75,3.4,55,34,0,433,37,2,20,2.8
213,300,363,333,367,4.2,4.11,4.22,1.63,3.5,26,3,0,467,42,1,19,3.4
388,410,163,411,300,3,4.11,4.11,2.13,4.7,53,2,2,123,12,2,20,2.3
488,420,388,311,333,5,4.67,4.56,1.25,4.3,15,21,0,261,18,2,18,3.2
338,390,463,244,278,5,4.22,4.89,1,4.8,20,9,0,277,7,1,21,3.8
338,400,300,344,300,4.8,4,4.33,1.5,4.4,90,6,1,223,33,2,21,2.7
275,370,238,311,289,4,4.56,5,1.5,3.9,73,1,0,38,3,1,18,2.9
300,420,363,378,378,4,4.44,4.33,1.38,3.8,131,5,1,27,11,2,20,3.2
225,490,463,356,389,4.4,4.56,4.44,1.5,4.7,8,3,0,167,6,1,25,4
425,500,388,367,278,3.8,4,4.22,1.75,4.8,1,1,0,472,19,1,18,2.9
163,340,350,322,456,4.2,3.67,4.67,1.75,3.8,73,2,0,162,12,1,20,3.5
175,380,263,322,344,3.6,4.22,4,1.5,4.1,35,1,1,199,20,2,21,2.9
325,350,413,267,444,4.8,4.11,4.44,1.5,4.5,2,3,0,227,49,2,18,3.2
138,380,388,411,311,4.8,4.78,4.78,1.5,4,36,16,1,616,31,1,19,3.8
375,330,300,311,311,3.6,3.67,4.22,1.5,3.6,0,1,0,97,11,1,18,3.1
338,500,338,367,222,4.4,4.56,4.22,2,4.7,45,22,1,172,18,2,19,3
313,370,288,344,300,4.2,3.56,3.67,2.5,4.1,79,25,2,240,11,2,20,3.2
350,370,288,400,300,4,4,4.78,2.25,4.1,31,5,0,117,11,1,19,2.8
250,280,400,311,256,4.4,3.78,4.56,1.5,3.4,5,6,0,280,9,1,20,3
313,380,288,322,244,3.4,3.33,3.44,2.63,3.7,347,2,6,89,17,2,18,2.3
363,320,250,367,278,4.2,4.33,4.44,1.88,4.2,24,6,3,154,41,2,19,2.7
350,420,300,367,311,3.4,3.78,3.33,3,4.5,550,29,7,216,10,2,18,2.7
300,390,363,456,367,4.2,4.44,4.11,1.5,4,7,1,0,134,22,1,21,3.5
338,390,325,289,333,3.6,4,4.56,2.5,3.6,42,7,0,187,27,2,21,3
175,140,200,322,500,1.8,3.22,4.78,1,1.8,26,3,7,418,10,1,22,3.6
475,330,275,222,178,3.4,3.89,4.22,1.63,4.2,5,1,0,45,6,2,19,2.9
300,390,325,378,367,4,4.11,4.22,2.13,4.3,20,11,0,209,34,2,20,3.6
313,270,313,356,378,4.2,4,4.22,2.13,3.3,30,12,2,223,26,2,19,3
338,350,300,244,344,4,3.89,4.44,1.63,3.9,0,2,0,181,14,2,19,3.1
238,440,413,400,444,4.6,4.67,5,1.5,4.8,66,16,0,527,26,2,21,3.7
375,380,388,344,389,4.2,4.56,4.78,1.13,4.5,15,10,0,200,35,2,20,3.2
163,460,463,433,422,5,4.89,4.22,1.38,4.2,6,2,0,167,21,1,19,3.6
288,450,475,344,267,4.8,4.33,4.67,1.25,4.6,73,1,0,128,6,2,19,3.7
350,400,338,400,322,4.6,4.22,4.89,1.5,3.9,20,13,6,186,7,2,21,3.8
300,480,413,389,344,4.4,4.22,3.67,1.75,4.7,24,22,0,328,30,2,19,2.9
313,360,388,367,356,4.8,4.11,4.56,2.38,4.8,8,7,0,380,54,2,18,3
275,490,438,400,411,4.6,4,4.89,2,4.3,6,17,4,638,30,2,20,3.9
325,330,350,356,333,4.4,4.67,4,2.38,3.8,1,26,0,124,11,2,19,2.8
425,310,275,256,222,4.4,3.33,4.56,1.88,3.9,4,11,4,117,8,2,18,1.6
238,380,450,300,322,5,3.22,4.22,1.75,3.9,27,19,1,195,15,2,18,3.6
313,300,325,300,333,4.4,3.89,4.56,2.25,4.2,30,4,0,444,43,1,19,2.7
300,260,313,367,278,4.2,3.78,4.11,1.88,3.4,28,4,0,415,38,2,21,3.2
375,360,250,367,344,4.8,4.22,4.67,1.63,3.7,2,11,0,176,28,2,17,2.8
313,340,338,256,411,4.2,2.78,5,2.5,4.2,0,1,0,41,0,1,20,3.5
338,380,175,256,289,3.8,3.56,4.33,1.63,3.8,13,1,0,174,5,1,29,3.5
388,450,400,178,422,4.8,4,4.56,1.25,4.4,28,2,0,265,33,2,21,2
325,400,250,433,378,3.8,4.33,4.67,2.38,4.8,208,6,39,52,7,1,19,2.8
175,440,350,378,389,4.2,4.11,4.89,1.13,5,6,1,0,91,34,1,19,3.3
413,420,375,311,344,3.2,3.89,3.78,3.13,4,73,4,0,39,3,2,19,2.7
275,470,375,378,289,4.4,4,5,1.25,4.9,4,1,0,336,14,1,20,3.2
225,310,288,378,322,4.2,3.67,3.78,2.13,3.6,41,3,3,113,6,1,19,2.8
225,350,388,278,344,5,4.33,4.78,1.5,3.8,73,4,0,287,34,2,19,2.8
375,300,300,333,433,4.4,4.11,4.67,1.75,4.4,53,1,0,165,30,2,23,3.9
338,440,375,289,222,4,4.11,4.56,1.75,4.4,2,1,0,62,95,2,19,3.4
250,370,300,322,378,4.6,4.11,4.89,1,4.5,14,6,0,244,14,1,20,3.7
375,430,438,322,322,4.8,4.56,4.89,1.5,4.9,96,22,0,433,67,2,18,4
425,220,288,378,344,3.8,4.33,4,1.88,3.7,2,4,0,119,27,2,18,3.5
300,340,425,300,356,5,3.33,4.89,1.88,4.5,1,4,0,321,100,2,18,3.4
350,420,263,367,356,4.2,4,4.11,2,4.7,119,2,6,140,9,1,20,2.93
450,360,275,300,322,3.6,4.22,4,1.38,4.3,480,17,6,152,16,2,20,2.2
425,470,375,289,400,4,4.33,4.33,1.13,4.3,76,19,0,415,63,2,19,3.2
363,340,313,389,333,4.4,4.67,4.22,1.5,3.7,11,6,0,276,69,2,20,2.6
388,390,388,311,378,4.2,3.78,4.67,1.75,3.9,5,2,0,533,41,2,19,3.1
188,360,325,378,356,4.4,4.22,4.44,1.5,4.6,36,5,5,199,32,2,19,4
375,420,338,356,422,3.6,4.33,4.44,1.38,4.2,44,5,3,511,36,2,21,2.6
313,360,338,411,389,4,4.22,4.78,2,3.9,228,33,1,224,14,2,21,2.9
275,350,363,433,322,4,4.11,4.33,2.25,4.1,30,10,0,307,35,2,18,3
438,350,388,322,333,3.6,4.22,4.33,1.38,4.7,11,7,0,244,56,2,19,2.2
238,380,338,311,200,4.2,4.22,4.89,1.13,4,1,4,0,38,5,1,19,3.1
450,260,338,344,322,4.4,4.11,4.89,1.63,4.1,49,5,0,402,30,2,20,3.3
288,420,325,300,289,4,3.56,4.56,1.63,4.5,16,12,0,226,48,2,18,3.3
300,270,275,356,256,4.4,3.89,4.56,1.75,3.5,19,5,1,243,14,1,19,3
363,350,275,267,233,3.6,4.22,4.22,1.88,4.9,41,3,0,185,19,2,19,2.5
375,430,363,367,311,4.4,4,4.33,1.88,4.8,302,42,24,349,46,2,18,2.3
350,460,313,289,189,3.2,4.44,4.22,1.25,4.8,84,10,1,227,37,2,20,3.2
338,440,438,467,400,4.4,4.44,4.56,1.38,4.4,20,6,0,339,71,2,22,3.2
275,230,238,333,256,4,3.89,4.11,1.63,3.5,34,3,9,61,14,1,18,3.2
175,470,413,389,378,4.2,3.78,4.89,1.75,4.3,12,9,0,250,28,2,21,3.1
288,430,313,422,378,3.6,3.56,4.56,1.13,4.8,78,15,2,174,8,2,21,3.6
375,430,425,333,367,4.8,4.11,4,2.5,4,43,25,0,447,37,1,18,2.8
288,450,400,411,422,4.8,4.33,4.67,1.13,4.8,88,8,0,218,31,2,21,3.3
325,410,400,356,400,3.8,4,4.78,1.75,3.9,114,8,0,231,34,2,21,3.3
225,300,313,267,300,3.6,3.33,4.67,1.38,4.1,0,8,0,384,24,1,18,3.1
363,320,388,367,367,4.8,4.33,4.56,1.88,3.7,2,5,0,534,70,2,18,2.6
275,430,400,333,344,4,4,4.11,1.75,4.4,8,11,0,397,17,2,20,3
313,470,363,344,300,4.4,3.89,4.33,1.25,4.8,56,19,2,91,13,2,19,3.3
338,380,275,378,356,3.6,4.56,4.89,1.38,4.5,5,3,0,258,11,1,20,2.8
363,380,225,333,278,4.2,4.22,4.33,1.63,4.2,337,5,1,90,16,2,19,2.3
350,260,338,222,400,3.2,3.11,5,1.63,3.4,283,6,0,201,42,2,20,3.1
413,440,325,333,378,4.2,4.11,4.56,1.88,3.9,75,5,0,171,8,2,38,3.3
288,450,475,367,311,4.6,4.33,4.89,1.5,4.8,179,59,8,1453,57,2,21,3.6
213,350,263,389,289,4.4,3.89,4.89,1.75,4,73,4,0,100,7,1,19,3.1
250,330,388,367,400,4.6,4.56,4.78,1.25,3.9,73,9,0,334,9,1,19,3.6
425,370,200,411,378,4,4.11,4.33,2.25,4.3,17,6,0,66,13,2,19,2.7
338,310,338,267,222,4.4,3.89,4.56,1.38,4.4,47,38,2,194,59,2,19,3.2
388,350,325,333,256,4.4,4.22,4.44,1.5,4.4,73,1,0,298,33,2,18,3
238,330,313,411,333,3.6,3.67,4.11,1.5,3.1,8,4,0,102,10,1,20,3.4
288,490,413,311,489,4.2,3.89,4.89,1.88,4.6,22,26,4,297,22,2,19,3.4
325,450,338,333,311,4.2,4,4.44,1.88,3.8,28,13,0,406,16,2,20,3.4
213,440,263,300,378,4.4,3.22,4.78,1.38,4.7,1,2,0,79,5,1,18,3.6
188,340,338,356,278,3.8,4.33,4.56,1.75,4,0,3,0,163,24,2,18,2.7
438,280,263,344,389,4.4,4.22,4.44,1.25,3.4,26,6,1,94,17,2,19,3.1
275,270,325,344,322,4,3.56,4.33,1.88,4,14,4,1,241,12,1,20,2.8
375,490,325,333,389,4.2,3.56,4.44,2.5,4.7,16,22,0,561,67,2,19,3
450,380,413,367,200,4.6,4.67,4.78,1.5,4.5,66,3,2,308,37,2,19,3.3
338,390,350,256,311,4.4,4.33,4.33,1.75,4,28,15,0,242,25,2,19,2.8
325,350,400,356,367,3.8,3.89,4,1.75,3.9,48,2,0,136,47,2,21,3
275,230,200,311,456,3.4,3.33,4.67,1.88,2.3,0,1,0,56,12,1,18,3.1
388,440,400,322,289,4.2,4.22,4.22,1.38,4.5,83,33,0,419,24,2,19,3.8
325,300,425,267,256,4.2,3,3.78,2.25,3.6,177,29,0,407,23,2,20,3.1
400,290,263,367,422,4.2,4.44,4.78,1.88,4.1,3,5,0,129,35,2,18,1.9
413,240,338,322,200,4.4,3.89,4.11,1.5,3.9,38,2,4,151,19,2,20,2.9
275,240,175,344,344,4,4.56,4.89,1,4.6,18,3,0,138,21,2,19,2.9
250,300,263,356,289,4,3.33,4,2.13,3.5,13,1,2,147,9,1,21,2.8
213,420,438,400,300,4.8,3.89,4,1.88,4.6,6,5,0,403,19,1,19,3.3
288,250,400,300,322,4.6,4.22,4.78,1.88,4.1,24,6,5,310,22,2,20,3.5
413,450,338,322,200,4.2,4.56,4,1.88,4.8,32,2,3,581,74,2,21,2.5
338,360,263,289,289,3.6,4,4.33,1.88,4,5,6,0,126,13,2,20,2.6
300,350,388,344,378,4,3.67,4.78,2.38,3.7,28,15,1,185,7,2,20,3.7
313,460,363,456,433,3.8,4.67,4.67,1.75,4.6,25,15,0,584,64,2,21,2.8
213,400,400,389,367,4.2,4.11,4.44,2,4,62,16,0,1037,92,2,20,3.4
288,330,450,233,322,4.2,3.22,4.89,1.63,3.7,127,4,4,687,22,1,21,3.5
288,470,313,422,300,4,4.11,4.33,2.13,4.3,118,49,8,743,58,2,18,3.3
150,360,388,378,378,4.2,4.22,4.89,1,4,8,3,0,259,31,1,20,4
200,420,413,444,456,5,4.22,4.78,1.5,4.3,83,9,0,252,14,1,19,4
463,420,288,311,167,4.4,3.78,4,2.5,4.5,0,8,0,209,15,2,19,2.7
313,400,338,300,433,3.4,3.67,4.11,1.88,4,4,12,3,148,31,2,20,2.9
263,340,275,311,322,3.8,3.67,4.11,1.88,3.9,73,9,1,80,3,1,28,2.4
263,230,213,322,256,3.4,3.33,4.56,1.63,4.1,22,1,2,137,1,1,19,2.9
388,450,425,344,300,4.4,4,4.67,2.13,4.8,112,4,0,328,43,2,18,2.8
375,390,275,400,333,4.6,4.44,4.67,1.5,4.7,37,4,4,267,29,2,20,2.7
363,400,438,322,400,4.8,4.33,4.89,1.5,4.8,218,10,0,449,40,2,18,3.3
300,340,338,333,333,3.8,3.22,4,2.38,3.8,3,2,1,76,21,2,22,3
338,300,263,356,389,4.2,4.33,4.89,1.5,4.5,30,2,0,243,71,1,21,2.8
363,440,325,344,378,4.6,3.78,4.78,1.25,4.4,6,20,1,213,36,2,21,2.8
325,400,388,356,244,4,3.44,4.56,1.75,4.7,15,2,3,70,7,2,18,3.1
313,300,275,356,433,3.8,3.44,4.78,1.25,3.8,5,13,18,206,15,2,20,3.4
300,360,400,411,333,4.6,4.44,4.11,1.88,4.3,0,4,0,21,4,2,21,3.5
175,500,363,411,444,3.8,4.11,4.78,1.38,4.9,10,4,4,168,26,1,20,3.5
350,430,300,267,278,3.6,3.89,3.56,1.13,4.4,17,1,1,79,15,2,21,3.1
125,390,313,356,444,4.2,3.89,4.89,1.25,4.2,0,6,0,237,26,1,18,3.4
250,420,300,422,378,4,4,4.33,2.13,4.4,48,1,0,376,39,2,21,3
400,420,325,333,367,4,3.56,4.56,3.75,3.9,9,9,1,241,34,2,19,3.3
213,270,275,333,422,4.8,4.22,4.56,1.38,4.8,39,25,1,223,30,2,19,3.3
263,410,325,489,489,4,4.56,4.78,1.38,4.4,25,4,0,72,10,2,21,3.2
388,340,375,356,244,4.6,4,4.22,1.63,4.3,24,5,1,184,26,2,18,2.9
350,380,350,344,256,4.6,4,4,1.63,4.6,73,5,1,117,38,2,17,3.1
275,350,275,389,333,3.8,4,3.67,2.5,4,37,16,0,401,52,2,19,3.2
250,360,338,389,356,3.4,3.89,4.67,1.88,3.8,21,10,3,36,5,1,19,2.7
325,440,413,278,289,4.6,3.56,4.11,2.13,4.8,46,22,7,70,11,2,19,3.1
263,400,363,411,367,4.6,4.56,4.67,1.63,4.9,11,29,0,181,12,2,20,3.7
250,340,338,389,300,4.4,4,3.89,1.25,4.5,38,13,1,177,34,2,18,3.1
263,360,325,322,267,4.2,4.44,4.67,1.38,4.1,3,9,0,139,23,2,18,3.1
188,390,488,278,400,4.8,2.67,4.22,1,4.2,22,23,2,352,18,2,21,4
288,420,313,289,256,4.2,3.89,4.11,1.25,4.3,12,8,0,133,8,2,21,2.1
325,460,438,411,411,4.8,4.78,4.89,1.88,4.8,50,10,0,189,26,2,20,2.8
375,210,238,233,233,3.2,4,4.22,2,3.6,1,4,0,420,28,2,20,1.7
338,440,363,422,289,4.2,4.56,4.56,1.75,4.4,32,2,0,470,60,2,18,2.7
175,370,238,444,211,4,4,3.67,1.75,4.4,14,11,0,329,48,2,19,2.6
263,480,338,444,322,3.6,4.56,4,1.38,4.9,86,8,0,191,19,2,17,3.1
388,450,425,211,322,4.8,3.67,4.56,1.75,4,16,17,0,311,35,2,22,3.7
300,430,463,344,444,4.8,3.33,5,1.5,4.5,14,13,0,360,45,2,22,3.6
200,290,263,356,467,3.8,3.89,4.33,1.63,4,14,7,0,99,19,2,20,3.8
463,460,188,267,422,3.6,3.89,4.89,1.5,4.8,41,7,0,200,61,2,19,3.1
313,320,250,289,378,4.2,3.78,5,1.75,3.6,309,2,1,242,49,1,19,2.6
400,290,325,344,389,4.2,4.33,4.89,1.63,4.1,7,1,0,263,25,2,19,3.2
338,440,313,356,322,4.6,4.11,4.78,2.25,4.6,15,13,0,278,30,2,18,3
188,460,388,400,300,4.8,4.78,4.67,1.25,5,22,3,0,111,8,1,18,3.1
200,410,450,422,333,5,4.67,4.44,1.88,4.7,4,1,0,188,61,2,18,3.2
350,340,238,289,289,4.2,3.33,3.78,2,3.7,7,1,0,240,10,2,20,2.6
375,450,300,333,311,3.8,3.67,3.78,2,4.3,423,20,4,299,34,2,20,2.5
350,460,425,289,333,3.8,3.89,4.78,2,4.1,0,1,3,18,21,2,17,2.7
338,280,175,367,300,4.6,4,4.33,2.13,4.2,0,1,0,118,8,1,21,2.4
238,420,363,378,444,4.4,4.56,4.78,1.75,4.5,25,5,0,206,31,2,20,3.4
375,350,288,356,356,4.4,3.78,4.44,1.75,3.8,4,11,1,104,14,2,18,3.5
425,350,313,322,311,5,3.89,4.11,1.88,3.5,0,8,2,134,19,2,19,2.9
213,360,325,378,300,3.6,4.11,4.33,2.13,3.7,0,1,0,47,0,1,22,3.3
350,380,425,378,267,4.2,3.44,4.22,1.63,4.2,30,8,2,575,55,2,20,3.2
250,470,288,478,378,4.4,4.56,4.78,1.25,4.7,0,2,0,180,51,2,19,3.4
263,290,375,389,411,4.4,4.22,4.67,2.13,4.1,57,23,2,239,29,2,20,3.2
250,360,313,356,389,4.4,3.78,4.44,1.5,3.7,0,2,0,110,5,1,20,3.3
400,440,400,444,311,4.4,4.78,4.89,1.5,4.6,887,50,0,207,52,2,18,2.7
163,360,288,389,422,3.8,3.67,4.56,1.5,3.9,56,9,1,315,11,1,24,3.5
250,390,425,356,367,4.8,3.56,3.89,1.5,4.3,45,17,1,314,27,2,18,3.1
238,330,288,322,333,3.4,3.89,4.11,1.63,3.6,78,1,0,337,40,1,18,2.6
425,320,400,267,233,4.8,4.56,4.89,1.13,4.8,3,4,0,197,40,2,21,3
263,460,488,278,422,4.6,3.56,4.44,1.63,3.8,49,3,3,375,34,1,21,3.4
275,430,338,400,333,3.8,3.78,3.89,2.13,4.2,10,11,5,523,84,2,20,2.7
263,380,375,378,378,4.4,4.44,4.33,1.88,3.4,42,5,0,308,37,2,20,3.9
163,450,438,256,389,4.6,3.44,4.44,1.25,4.4,317,6,0,376,29,2,20,3.7
250,380,225,433,333,4,4.33,4.56,1.88,4.5,58,4,2,156,17,1,20,3
300,340,275,378,344,4.6,3.89,4.78,1.13,3.8,38,7,0,292,38,2,19,3.3
350,350,450,267,289,5,2.89,4.56,2.38,4,88,18,3,345,43,2,20,3.3
313,490,388,333,311,4.4,4.56,4.67,1.25,4.3,3,2,4,554,33,2,23,3
450,260,350,222,356,3.8,3.22,4.56,2.5,3.2,120,2,0,76,19,2,19,2.8
263,350,325,478,444,4.6,4.56,4.56,2.13,4.6,0,13,0,257,19,2,21,2.8
275,380,438,322,289,4.6,4.33,4.11,1.38,3.9,73,7,0,445,94,2,19,3.4
225,410,425,444,422,4.6,4.56,4.89,2,4.4,49,9,0,145,14,2,18,3.7
325,270,213,344,300,4.2,3.44,4,1.38,3.8,29,1,0,81,0,1,21,2.4
263,310,263,389,422,4,4.44,4.78,1.63,4,73,6,4,119,16,1,19,3.2
388,370,288,233,322,3.8,3.67,4.33,2,3.9,22,10,2,175,10,2,19,3.4
138,460,425,267,278,4.2,4.22,4.89,1.25,4.8,510,3,32,79,8,1,21,3.8
363,410,413,444,389,4.2,4.33,4.78,1.5,4.6,71,44,2,98,19,2,19,3.5
338,420,275,300,300,4.4,3.67,4.67,2.13,4.2,30,6,2,370,66,2,20,2.8
288,280,350,400,333,4.4,3.44,4.67,1.75,4,40,9,2,149,14,1,19,2.7
300,480,463,411,422,4.6,3.56,4.89,1.75,4.8,24,2,0,443,89,2,22,3.8
313,450,338,311,344,4.2,4.11,4.56,2,4.1,27,2,0,396,34,2,18,3.4
200,310,300,344,256,3.8,4.44,4.67,1.88,4.4,49,16,9,686,25,2,21,2.4
413,360,363,244,289,4.2,3.44,4.56,2.38,4.2,2,13,0,497,64,2,18,2.9
275,380,225,300,322,3.8,3.78,4.67,1.5,4.2,12,7,4,118,12,1,21,3.2
413,330,325,344,389,3.6,4.22,4.67,1.75,3.4,5,7,0,115,12,1,19,3.7
288,270,325,322,289,4.2,3.67,4.67,2,4.4,27,21,1,182,31,2,18,2.8
363,380,388,356,333,4.6,4,4.67,1.38,4.5,8,12,0,145,14,2,22,2.8
350,330,263,333,267,4.4,4.44,4.33,1.5,4.9,28,26,11,155,11,2,22,2.3
363,290,325,378,411,4.2,4.22,4.78,2.25,4,350,2,0,424,40,2,19,2.8
275,330,338,422,322,4.4,4.78,4.22,2,4.3,20,12,3,136,27,2,18,3.5
350,380,363,478,389,4.6,4.67,4.78,1.63,4.3,76,22,1,233,32,2,20,2.8
213,380,238,433,311,3.8,4.11,3.89,1.5,4,9,15,4,174,30,2,19,2.8
400,470,313,244,389,3.6,3.89,4.56,1.38,4.6,49,3,3,59,8,2,20,2.5
300,310,363,322,267,4.6,4.22,4.78,1.75,4.1,62,10,0,244,56,2,18,2.8
213,400,325,367,378,3.8,4,4.56,1.38,3.6,88,5,2,125,14,2,19,3.3
225,370,313,367,333,4.2,4.33,3.67,2.38,3.9,35,2,1,493,55,1,18,2.1
313,430,438,333,322,4.2,3.89,4.56,1.88,4.4,26,14,0,518,21,1,23,3.3
363,430,275,389,356,4.6,4.22,4.44,1.25,4.5,0,3,0,54,7,2,18,2.7
375,390,238,389,389,4,4.11,4.44,2.38,3.7,73,4,0,102,5,1,21,2
225,370,275,333,289,3.8,3.44,4.11,2,4.1,7,4,9,87,15,2,18,2.7
425,490,450,356,300,4.4,4.11,4.33,1.75,4.3,198,27,0,249,23,2,18,3.5
238,410,413,344,344,4.2,4,4.56,1.75,3.7,42,4,2,238,7,1,19,3.2
313,420,263,289,356,4.4,4.33,4.56,1.75,4.2,14,20,0,109,13,2,21,3.2
313,370,400,244,289,4.4,3.44,4.11,1.38,4.2,92,2,1,245,3,1,21,3.3
363,410,300,389,389,3.8,4.56,4,1.75,4.6,4,3,0,100,11,2,19,3
313,420,350,278,300,4.6,4.44,4.56,2,4.6,16,2,0,211,28,2,22,3
288,390,375,400,400,4.8,4,4.78,1,4.2,4,9,0,219,32,2,20,3.7
275,290,250,378,278,4.4,4,4.67,1.88,3.4,14,1,1,159,22,1,19,2.4
438,280,288,356,267,4.6,4.67,4.22,2,4,49,16,0,307,31,2,19,2.6
375,340,313,300,233,3.8,4.33,4.78,1.13,4.3,0,2,1,54,13,2,18,2.9
338,390,275,411,367,4.2,4.67,4.78,1.13,4.7,5,2,0,140,36,2,20,2.6
263,430,338,356,356,4.6,4,4.44,1.5,4.8,329,20,10,221,28,2,21,3.3
350,390,250,378,422,4.2,4.33,4.56,1.88,4.5,28,13,1,91,18,2,19,2.5
363,410,425,333,289,4.4,4.33,4.67,1.25,3.9,168,13,3,380,22,2,19,3.9
263,360,388,356,389,4.8,4.11,4.67,1.38,3.9,228,69,1,267,32,2,19,3.33
275,340,425,411,356,4.8,4.44,4.67,1.5,4,2,2,0,218,8,2,20,3.8
263,400,200,411,311,3.2,4.11,3.89,2.13,3.8,6,3,3,59,7,1,20,3.6
325,220,250,389,322,4.8,3.56,4.33,1.88,3.8,8,3,0,222,42,2,19,2.6
275,390,325,300,222,5,3.67,3.22,1.75,4.1,19,1,9,96,1,1,23,3.3
313,320,463,267,333,4.8,3.89,4.67,1.5,4.3,202,19,0,197,20,2,20,3.4
263,450,388,400,367,4.6,4.33,4.44,1.75,4.7,16,14,0,360,55,2,18,3
313,280,250,367,311,3.8,4.22,4.44,1.5,4.5,10,7,4,169,20,2,20,3.1
288,420,363,400,456,4.8,4.44,4.67,1.75,4.5,79,1,0,214,33,2,18,3.3
338,270,275,389,333,4.4,3.89,4.44,2.13,3.9,10,7,0,212,34,2,19,2.7
400,460,488,233,278,4.4,3.67,4.56,1.75,4.4,79,14,0,342,32,2,21,3.6
250,310,288,389,344,4.2,3.78,4.11,2.13,4,2,13,3,107,15,2,19,3.3
163,280,375,389,444,4.6,3.78,4.89,1,3.7,0,2,0,145,23,1,20,3.8
288,450,325,289,311,3.6,3,3.78,2,4.2,58,7,7,160,13,1,18,2.7
263,420,325,422,378,4,4.56,5,1.38,4.4,5,12,1,374,36,1,19,3
438,380,313,267,267,4,3.89,4.67,1.5,4.2,127,34,1,391,11,2,19,2.5
188,330,300,333,433,4.4,3.78,4.22,2.25,3.3,12,7,0,188,13,1,20,3
363,340,275,367,422,3.6,3.89,4.33,2.25,3.3,19,10,1,158,15,2,17,2.3
300,460,325,378,244,3.8,4.11,4.33,1.88,4.5,127,28,3,436,20,2,20,3.2
213,430,450,400,344,4.6,4,4.56,1.75,4.4,13,1,0,222,33,1,18,3.4
225,330,375,278,433,4,4.22,4.78,1.25,4.6,168,30,1,113,28,2,19,3.8
288,420,288,389,333,3.8,3.78,4.44,2.13,4,30,15,6,458,7,1,21,2.8
350,390,300,378,400,4,3.89,4.44,1.38,4,107,24,3,259,9,1,21,3.1
263,470,288,367,233,3.8,4,4.33,1.75,4.2,38,12,10,93,12,2,19,2.6
263,350,325,400,411,4.2,3.78,4.11,2,3.9,254,37,2,129,12,2,20,3.5
350,270,325,278,378,4.2,4.11,4.78,1.25,3.9,151,10,0,175,21,2,21,3.3
350,330,438,267,411,4.8,3.33,4.67,1.88,4.9,68,24,0,293,151,2,19,3.2
213,420,325,378,433,3.4,3.78,4.33,2.13,4.2,12,6,5,320,44,2,19,2.7
225,420,375,411,411,4.2,4.33,4.67,1.88,4.6,32,16,1,289,14,1,18,3
325,310,338,356,378,3.8,4.44,4.78,1.75,3.9,9,20,1,241,32,2,999,3.1
438,490,363,411,400,3.8,4.78,4.33,2.25,4.8,203,21,0,269,22,2,19,3
313,300,275,389,367,4.8,4,4.56,1.38,4.5,13,11,0,168,32,2,19,3.3
400,340,300,278,300,4.4,3.89,4.67,1.5,3.9,95,14,0,240,28,2,18,2.3
350,460,438,378,233,4.8,3.89,4.67,2,4.9,9,7,1,160,47,2,19,3.6
288,290,263,289,289,3.6,3.33,4.22,1.75,3.7,74,5,0,179,25,2,18,2.9
288,290,350,444,289,4,4.56,4.22,1.88,3.7,1,1,0,210,38,1,19,3.3
300,420,275,322,289,4,3.78,4.22,2.25,4.7,19,37,0,108,10,1,19,3.2
325,320,288,367,411,4.4,4.33,4.67,2,4.2,364,13,0,324,46,2,18,2.9
200,340,350,411,311,4.6,3.33,4.44,1.25,4,13,13,0,157,6,1,24,2.8
400,460,388,378,333,3.8,3.78,4.33,1.88,4.5,0,2,1,203,12,2,20,2.6
275,440,313,367,378,4.6,4.22,4.33,2,4.6,1,2,0,164,11,2,18,3.4
338,400,338,422,344,4,4,4.44,2.25,4.5,0,2,0,53,38,2,19,2.6
338,380,338,278,300,4.4,4.11,4.56,1.25,4,112,17,1,150,18,2,18,2.7
388,350,375,333,244,4.4,3.89,4.44,2,4.4,15,5,1,190,56,2,20,3.3
325,280,363,289,344,3.8,3.89,4.33,2.13,3.8,49,1,0,245,11,1,20,3.7
238,450,338,300,378,4.2,3.78,4.56,2.13,4.5,30,5,4,57,2,2,22,3.2
175,340,400,267,456,5,3,4.78,1.63,4,32,3,0,322,28,2,18,3.9
288,470,388,344,411,4,4.11,4.33,2,4.7,3,6,3,188,12,1,20,2.9
325,370,313,333,333,4,3.56,4.22,2.13,4.2,76,3,2,177,18,2,21,2.7
400,350,413,344,433,4.2,3.78,4.44,2.38,4.3,87,37,2,277,17,2,22,3.6
288,300,325,389,256,3.4,4.33,4.56,1.63,3.9,104,11,0,254,30,1,18,2.9
250,370,350,400,356,4,4.11,4,2.13,3.9,19,11,0,208,14,2,19,2.9
263,330,300,378,344,4.2,4.44,4.56,2,3.9,30,2,0,167,16,1,19,3.1
338,390,450,322,322,5,3.89,3.78,2.5,4,6,3,0,54,9,2,19,3.4
288,420,438,389,444,4.2,4,4.78,1.63,4.4,20,14,0,310,39,2,18,3
438,360,325,411,367,4,4,4.67,2.13,4,0,15,0,165,29,2,19,2.9
263,420,338,311,356,3.8,4,4.56,1.63,3.9,51,13,1,433,33,1,22,3
338,290,188,389,244,4.4,4.44,4.67,1.75,4.2,1,1,0,80,0,1,22,2.8
275,400,388,400,389,4.4,4.56,4,1.75,4,160,18,3,519,22,2,21,3.3
275,210,375,300,311,4.2,4,4.22,1.75,4,5,9,1,305,37,2,20,2.6
388,280,350,333,289,4.4,4,4.22,1.63,3.5,31,12,0,402,59,2,19,3.2
363,260,338,344,400,4.4,3.56,4.89,1.63,4.2,10,2,0,84,24,2,21,3.1
250,360,275,444,289,3.8,4.67,4.78,1.5,4.3,6,19,8,191,20,2,20,2
225,440,425,422,256,4.4,4.67,5,1,4.5,78,15,5,591,32,2,22,2.6
313,310,225,356,411,4.4,4,4.44,1.75,3.9,288,1,0,190,34,2,19,2.9
250,340,225,356,367,3.8,4.11,5,1.25,4.7,104,3,9,201,7,1,20,3
375,420,313,367,411,3.8,4,4.56,1.88,4.5,23,75,1,60,4,2,19,2.7
363,410,338,344,367,4.2,4.44,4.67,1.5,4.4,76,29,2,185,19,2,18,3.3
350,370,450,322,278,4.8,3.78,2.89,2.75,3.7,37,8,0,466,133,2,18,2.3
413,440,363,300,367,3.8,4.22,4.67,1.38,3.7,3,9,0,226,37,2,18,2.5
238,260,350,311,178,4.6,3.33,4.56,1.75,3.9,2,1,0,43,0,1,20,3.2
163,490,375,400,256,4.2,4.56,4.44,1.25,4.6,7,7,7,115,18,2,18,3.8
238,380,375,389,433,4.4,4.11,4.33,2.13,3.9,57,15,0,142,14,1,21,3.4
275,480,400,389,411,4.4,4,4.22,1.38,4.2,39,1,0,132,22,2,22,3.5
338,340,250,311,233,5,4.56,5,2,4.7,23,1,0,73,9,2,19,2.5
388,400,338,411,344,4,3.89,4.33,1.38,4.4,297,20,0,351,66,2,20,3.3
325,460,363,400,367,4.6,4.56,4.67,1.88,4.8,54,13,0,487,30,2,18,3.3
325,440,288,222,356,4,2.67,4.11,1.75,4.3,19,45,1,297,21,2,21,2.6
400,380,300,333,444,3.8,4,4.33,1.88,4.1,0,7,3,124,21,2,20,2.9
400,290,163,311,289,3.8,3.44,4.33,1.75,4.6,35,14,0,163,14,2,18,2.2
288,390,338,300,311,4.4,4,4.78,2,4.4,4,20,0,158,296,2,20,3.2
338,420,263,378,344,4,4.33,4.22,1.75,4.2,2,2,7,80,9,2,19,3.1
238,400,438,233,356,4.6,2.56,4.78,1.5,3.5,3,1,1,49,4,1,19,3
338,320,163,378,333,3.6,3.78,4.33,2,3.8,1,1,0,90,8,2,18,2.8
238,330,200,300,256,3.6,3.33,4.67,1.63,4.3,48,9,0,84,14,1,19,2.2
325,360,425,233,244,4.2,2.67,3.78,2.63,3.3,0,4,0,117,64,2,18,3.4
388,310,388,311,289,5,3.44,3.78,1.63,3,21,6,0,210,37,2,20,2.7
375,420,325,356,300,4.2,4.11,4.67,1.25,4.3,73,1,0,63,14,2,22,3.4
325,420,338,422,244,4,4.22,3.44,1.5,3.9,6,6,2,373,12,2,19,2.2
275,380,338,367,311,4.6,3.89,3.89,2.63,4.4,7,16,1,342,95,2,19,3.5
238,450,475,367,333,4.8,3.89,4.11,1.25,4.8,9,3,0,219,26,1,18,3.1
288,400,313,311,433,4.4,4.44,4.44,1.5,4.8,43,8,4,163,9,1,20,3.7
325,380,388,367,344,4.2,4.22,4.33,1.88,4.6,6,2,2,701,35,2,18,3.2
300,280,238,378,400,4.2,4.22,4.78,1.63,4.5,33,13,0,118,14,2,20,2.8
250,480,288,400,422,4,3.89,4.44,1.88,4.6,5,8,0,454,29,2,20,2.8
238,440,400,422,344,4.8,4.56,3.44,1.88,4,161,1,0,366,9,1,18,3.4
350,390,263,433,478,4.2,3.89,4.67,2,4.4,0,2,0,122,38,2,17,2.9
288,370,375,344,333,4.6,4.56,4.78,1.88,4.7,37,26,0,475,58,2,18,3.1
175,380,375,367,311,4.2,4.11,4.22,1.63,4.1,28,9,0,148,14,2,20,3.8
200,430,388,378,422,4.2,3.67,4.33,1.13,4.7,15,2,2,305,22,1,20,3.9
325,460,475,478,222,5,4.78,4.78,1.38,4.8,73,2,0,641,14,2,21,2.9
250,450,400,433,467,4.8,4.78,4.78,1.38,4.7,52,3,0,130,34,2,20,3.6
263,430,438,367,400,4.6,3.67,4.22,2,4.2,160,13,0,202,14,2,17,3.3
363,230,350,322,311,4,4.33,4.67,2,3.8,0,2,0,227,21,2,20,3.1
350,360,388,289,344,4.2,3.78,4.67,1.5,4.4,32,22,1,140,12,2,21,3.5
388,340,275,411,378,4.4,4.22,4.56,2,3.5,3,9,0,145,16,2,21,2.7
238,400,300,400,300,4.2,4.67,4.22,1.63,4.7,58,2,0,154,7,1,24,3.7
338,410,425,244,433,4.6,3.89,5,1.38,4.8,91,19,3,553,42,2,19,3.8
350,500,475,378,411,5,4.56,4.44,2.25,4.8,0,21,0,575,80,2,18,3.6
238,290,263,422,389,3,4.22,3.78,2,2.9,191,17,9,165,11,2,22,3
288,300,325,333,322,3.8,3.78,4.11,1.88,3.3,52,1,1,84,10,2,21,3.3
300,260,325,344,411,4.2,4,4.67,1.5,3.5,6,9,0,357,46,2,19,3.2
388,430,425,267,356,4.4,4.11,4.67,1.75,4.1,308,4,1,333,59,2,19,2.4
363,450,363,444,311,4.2,4.44,3.78,1.75,4.7,317,28,3,521,38,2,18,2.6
225,360,325,378,333,4.4,4.11,4.44,1.63,4.1,23,12,0,97,11,2,21,3.5
300,340,313,267,256,4.2,3.56,3.89,2.5,3.2,1,1,0,74,8,1,19,3.3
213,290,400,278,300,4,3.56,4.78,1.5,4.2,36,4,0,218,96,1,19,3.7
325,450,425,322,356,4.4,3.44,4.56,1.88,4.2,181,5,0,200,21,2,19,3
375,470,313,344,289,3.8,3.56,3.44,2.5,4.4,37,14,0,869,17,1,19,2.5
250,490,338,389,267,4,3.89,4,1.88,4.1,16,1,3,444,40,2,20,2.5
375,380,338,356,211,4.6,4.33,4.89,1.38,4.2,45,11,7,128,11,2,20,2.1
350,430,375,189,356,4.8,2.56,4.78,1.63,4.4,0,11,0,131,16,2,19,3.7
213,410,275,389,311,4.2,4.11,5,1.38,4.8,32,24,1,62,10,2,19,2.4
275,410,300,378,411,4.6,4.11,4.67,1.5,4.4,14,5,0,70,3,1,18,3.4
250,480,400,356,433,4.4,3.89,4.78,1.75,4.8,38,8,0,74,76,1,19,3.9
338,370,213,422,378,4.8,4.56,4.67,1.38,4.9,37,15,0,195,20,2,21,3.3
263,370,288,311,289,3.6,3.44,4.22,1.13,4.2,48,5,16,350,18,2,20,2.7
300,490,413,322,389,4.6,4.44,4,1.38,4.6,80,8,1,260,17,2,19,3.4
288,290,338,244,344,3.6,3.78,4.67,1.88,3.5,2,5,2,215,15,1,20,3.1
388,400,188,422,478,4.6,4.67,4.89,1.63,4.2,18,8,2,107,8,2,19,2.5
425,500,375,356,322,4.6,4.89,4.89,1.88,4.6,18,6,0,93,8,2,20,3.2
200,350,425,344,389,5,3.78,4.89,1.38,4.3,4,4,0,177,21,2,20,3.4
288,400,400,344,367,4.4,3.56,3.78,1.88,4,1,13,0,171,23,2,18,2.7
138,300,325,333,289,4.4,3.44,4.67,1.25,4.1,221,8,4,209,19,1,19,3
325,450,350,456,378,3.6,4.44,4.78,2,4.7,42,6,7,229,8,1,19,3.2
325,370,288,278,267,4.2,4.44,4.78,1,4.4,2,2,0,37,13,1,19,3
238,310,300,400,278,4.6,4.22,4.11,1.75,4.5,2,2,0,143,13,2,19,3
300,390,288,378,300,4.4,4.11,4.11,2,4.4,23,4,0,212,52,2,21,2.9
338,260,213,300,244,4.4,4,4.56,1.63,4.1,47,12,0,129,22,2,20,3.2
400,350,250,289,300,2.6,2.89,3,4,3.5,93,1,1,215,37,2,21,3.2
238,410,338,311,478,4.4,4.33,4.78,1.38,4.5,26,5,2,95,4,1,20,2.7
313,410,388,289,267,4.8,4,4.56,1.38,4.5,35,29,1,588,11,1,21,2.4
300,310,438,300,356,4.8,3.67,4.11,1.75,3.5,18,12,0,420,50,2,21,3.6
288,410,300,411,344,4.2,4.44,4.22,1.75,4.4,14,16,0,479,49,2,19,3.5
363,270,275,378,367,4.6,4.33,4.89,1.5,3.7,0,6,0,252,14,2,19,2.8
188,360,450,311,322,4.6,3.44,4.22,1.75,3.2,65,4,0,549,44,1,19,4
250,340,425,411,311,4,4,4.11,1.88,3.4,31,33,0,541,38,2,19,3.8
425,330,113,356,311,3.8,4.33,4.56,1.25,4.7,202,15,1,138,14,2,20,1.8
425,350,250,289,389,4.2,4,4.44,1.5,4,22,29,1,345,35,2,18,2.6
200,330,275,400,389,3.6,4.22,4.44,1.75,3.9,18,4,0,105,11,1,20,3.6
325,410,288,356,211,3.8,3.78,4.56,1.88,4.1,42,3,0,86,15,1,19,2.6
300,470,325,322,256,4.4,4,4.67,1.5,4.1,15,3,0,88,10,2,18,3
375,390,350,378,333,4.4,3.78,4.78,1.25,4.4,61,29,3,312,28,2,21,2.7
188,340,275,411,311,3.4,3.89,4.67,2.63,3.9,0,2,2,203,7,1,20,2.5
413,400,250,311,189,3,4.44,4.22,2.25,4.3,54,3,2,170,23,2,18,2
350,420,363,289,278,4.2,3.56,4.44,1.5,4.6,3,17,0,249,41,2,18,2.9
350,260,250,322,300,4.2,4.22,4.56,2,4,0,2,0,120,6,2,23,3.5
325,370,350,389,322,4,4.22,3.67,2.75,3.9,130,15,1,155,14,2,20,3.1
163,280,313,433,256,4.4,4.44,4.56,1.5,3.9,155,14,2,727,28,2,19,3.2
363,280,288,244,189,4,4,4,1.88,4.1,127,71,0,137,23,2,18,2.3
188,440,388,311,278,4.6,3.67,4.89,1.25,4.7,65,4,0,364,26,1,19,3.8
338,460,450,244,289,4.4,3.44,4.67,1.38,4.9,111,12,2,406,24,2,20,2.7
238,470,313,422,333,4.4,4.44,5,1.38,4.7,74,1,0,109,28,2,18,3.5
300,360,350,456,344,4,4.33,4.78,1.5,4,3,6,0,184,27,2,19,2.7
200,420,338,400,433,3.6,4,4.89,1.88,4.6,45,8,0,165,34,2,17,2.7
275,330,300,311,367,4.2,3.67,4.33,2.25,4.2,86,3,0,33,11,1,19,2.5
363,350,175,367,433,3.8,4.33,4.44,1.75,4.2,99,14,4,138,7,2,19,2.2
413,270,388,344,300,4,3.44,4.56,2.25,3.9,47,16,1,317,42,2,21,2.9
313,380,288,367,244,4,4.11,4.11,1.88,3.9,6,3,0,146,35,2,20,2.8
275,340,288,356,300,4.6,4.33,4.78,2,4.4,3,1,0,156,14,2,20,2.7
225,370,338,233,356,3.8,3.44,4.44,1.63,4.1,10,1,5,75,6,1,21,3.6
325,400,300,356,267,4.4,4.44,4.56,1.25,4.1,670,73,0,410,20,2,18,2.6
350,380,250,356,300,3.6,3.44,3.44,1.75,4.5,2,6,0,121,9,1,20,2.7
313,420,263,400,389,3.6,3.78,4.11,2.25,4,650,1,0,452,12,2,21,3.6
288,490,388,356,344,4.8,4.33,4.56,1.38,4.7,30,73,1,363,22,2,18,3.5
263,310,413,400,389,4.6,4.11,4.44,2,3.7,105,45,0,445,32,2,18,2.9
375,340,238,278,300,3,3.56,3.78,2.13,4.2,36,2,0,148,19,1,19,2.1
350,360,338,278,322,4.4,3.56,3.78,1,4.1,9,3,0,67,12,2,19,3.3
175,330,450,300,233,4.8,3.33,3.89,1.25,4,25,3,0,81,5,1,20,2.8
213,320,300,389,433,3.6,4.22,5,1.75,3.7,73,2,0,61,13,1,18,2.9
263,400,238,378,278,4.2,4.44,4.78,1.38,4.6,42,8,2,94,5,2,18,2.9
213,320,325,433,344,4.4,3.89,4.56,1.75,4.2,31,13,0,181,15,2,22,2.7
275,280,363,278,278,4,3.44,4.22,3,3.4,289,9,14,68,11,1,18,3
300,270,288,389,256,4.2,5,4.22,1.75,4.2,1,2,0,83,40,2,19,3.3
438,350,300,311,289,4.4,3.67,4.78,1.63,4.5,45,2,0,201,32,2,20,2.1
238,310,325,378,278,4.2,3.67,4.44,1.75,3.9,73,1,0,78,2,1,19,2.4
325,380,375,378,289,4.2,4.22,4.22,1.5,4.3,143,26,0,416,24,2,20,2.8
325,500,338,244,389,4.6,3.78,4.78,1.5,4.8,73,7,1,66,7,1,21,3.3
388,390,163,344,278,3.8,4.44,4,1.88,3.8,6,6,0,55,13,2,20,2.4
200,330,250,322,433,3.2,3.56,4.89,1.63,3.9,127,23,1,125,9,1,21,3.6
238,370,388,378,300,3.6,4.56,4.89,1.63,4.7,123,41,10,442,12,1,19,2.9
300,470,338,456,367,4.2,4.67,4.11,1.88,4.7,14,5,0,674,18,1,19,3.1
338,460,450,300,167,4.8,3.89,4.56,1.63,4.2,4,9,2,407,41,2,18,3.1
238,440,238,411,356,4.8,4.67,4.44,1.75,4.3,31,29,7,87,12,2,18,2.8
413,400,425,322,333,4.8,4.11,4.22,1.5,4.5,3,1,0,135,79,2,18,2.6
313,300,313,433,344,4.2,4.44,4.22,1.63,3.7,115,63,3,242,5,2,20,2.8
313,360,363,356,322,4.4,3.44,4.44,1.63,3.7,17,12,0,994,73,2,20,2.9
275,380,363,300,411,4,3.89,4.44,1.88,4.3,168,21,0,286,29,2,20,3.2
200,430,363,389,278,4.4,4.22,4.33,1.38,5,43,10,0,292,36,2,20,2.6
338,320,375,378,356,4.6,4,4.33,1.5,4.2,3,17,0,241,50,2,19,3.1
288,460,288,378,244,4.4,4,4.78,1.88,4.4,128,7,0,184,35,2,18,2.4
313,350,250,356,289,3.8,4,3.67,2,3.2,72,8,12,149,14,1,19,3.4
250,430,413,311,289,5,4.44,3.89,2.13,4.7,128,1,1,76,41,1,18,3
150,400,288,433,422,4.6,4.67,4.56,1.13,4.7,49,9,3,279,16,2,22,4
425,420,313,133,133,3,3.44,3.67,2.13,4.2,43,9,3,218,9,1,18,1.4
200,400,438,456,422,4.8,4.67,4.89,1.63,4.5,87,18,2,188,28,2,18,3.8
263,320,338,333,422,3.8,3.89,4.56,1.5,3.8,48,20,0,291,66,2,19,3.6
438,440,388,311,244,4.2,3.33,4.33,2.38,4.2,37,3,1,165,22,2,19,2.4
338,310,175,233,300,4.6,4.33,4.33,1,4.5,64,9,5,110,6,2,20,2.2
200,350,425,356,244,4.6,4.33,4.44,1.13,4,5,19,6,246,16,2,19,3.6
288,280,275,333,367,3.4,4.33,4.67,1.63,3.8,9,3,0,120,15,2,19,3.5
363,430,250,356,444,3.2,4,4.78,2.5,4.6,1,1,0,113,18,1,18,2.7
213,410,263,322,300,3.6,3.44,4.67,1.5,4.1,6,1,3,45,16,1,21,3.2
438,350,350,400,344,4.8,4.33,4.67,1.25,4.5,261,2,1,404,33,2,21,2.8
350,390,300,278,267,4,3.89,4.33,1.38,4.1,41,30,1,192,45,2,18,3.2
275,380,375,356,278,4.2,4.11,4,1.63,3.8,1,6,0,229,23,2,18,3
250,410,350,256,289,4.6,3.67,4.33,1.75,4.7,12,1,0,180,31,2,20,3
325,260,350,344,278,5,4,4.22,2,4,4,7,0,138,29,2,19,2.8
313,300,400,311,389,4.4,3.44,4.89,1.63,4,43,12,2,196,19,2,21,3.5
338,380,338,333,211,3.4,4.22,4.44,1.63,4.7,0,7,0,165,17,2,21,3.2
313,290,238,311,322,4.8,4,4.44,1.5,3.7,5,8,1,153,14,1,19,3.2
338,360,413,300,311,5,4.11,4.56,1.25,4.6,0,9,0,354,52,2,18,3.5
238,310,313,289,289,3.4,4,4.67,1.75,3.4,153,4,3,72,19,2,21,3.8
175,370,488,256,356,4.2,3.89,4.89,1.13,4.1,137,6,0,127,7,1,25,3.5
238,360,275,400,356,3.8,4.22,4.56,1.88,4.1,35,22,0,190,14,2,20,3.2
313,340,238,389,400,3.2,3.78,5,2.38,4.4,14,4,1,20,12,2,17,1.8
275,380,150,333,278,3.6,3.89,4.56,1.88,4,28,4,1,58,12,2,20,2.9
288,360,438,333,300,4.2,4.22,4.56,1.38,3.6,38,13,3,292,25,2,19,2.7
288,340,300,433,378,3.8,4.44,4.56,1.88,4.2,24,6,1,385,19,1,21,3.2
250,500,350,344,344,4.6,3.78,4.22,1.5,4.4,0,1,0,143,22,1,19,3.6
188,380,363,322,333,4,3.33,4.78,1.63,4.2,4,2,0,173,18,1,18,3.3
338,240,200,356,322,4.6,3.78,4.78,2.25,3.6,7,7,0,98,20,2,21,2.4
375,350,338,411,400,4.2,4.22,4.44,1.75,4.5,0,7,2,215,9,2,20,2
313,420,338,411,389,3.8,4.22,4.44,2.25,4.5,83,24,1,292,10,2,21,3.1
363,390,463,333,433,4.4,4.33,4.78,1.5,3.8,11,15,0,265,76,2,18,3.5
238,500,450,422,478,4.4,4.89,4.67,1.5,5,12,5,0,66,13,2,20,3.7
288,370,213,311,400,4.4,4.33,4.67,1.25,4.7,49,15,0,131,18,2,21,3.2
350,380,263,333,367,4,3.56,4,2.25,3.9,288,14,3,203,20,2,19,3.1
288,410,463,356,333,4.8,4.33,4.89,1.38,3.8,100,4,2,238,23,2,18,3.6
363,390,400,389,411,4.2,4.11,4.56,1.25,4.5,76,7,3,212,10,2,21,3
225,360,338,389,411,4.2,3.89,4.33,2.13,4,3,1,0,128,8,1,20,3.1
375,430,238,356,300,4,3.89,4.11,2.25,4.1,17,18,0,203,39,2,19,3.2
425,330,238,300,378,3.6,4.44,4.11,1.63,4,712,30,36,141,10,2,21,2.3
275,380,500,289,256,4.4,3.67,4.22,1.63,4.4,183,18,10,553,27,2,18,3.5
325,350,413,289,200,4.2,3.44,4.44,2,4,8,15,1,413,43,2,18,2.8
375,290,300,289,356,4.2,4.11,4.67,2,4.3,163,1,0,136,14,2,21,3.2
375,400,325,433,367,4.2,4.33,4.89,1.75,4,33,3,1,238,33,1,19,2.9
238,400,350,422,389,4.8,4.11,4.44,1.63,4.6,0,10,0,178,16,2,19,3.1
413,370,175,344,256,4,4.33,4.44,2.13,4,60,3,1,39,7,2,20,2.1
413,370,450,300,367,4.8,3.67,4.44,1.75,3.8,18,14,0,230,40,2,20,2.9
338,410,250,367,333,4.4,4.33,5,1.38,4.1,22,1,0,93,17,2,20,3.4
200,350,375,422,367,3.8,4.44,4.67,1.88,4.3,35,5,0,268,10,1,21,3.4
263,380,463,411,400,4.8,4.11,4.11,2.13,4.5,51,2,0,203,14,1,21,2.9
225,350,288,378,400,4.4,3.56,3.89,1.88,3.6,28,1,4,299,19,1,18,3
225,370,325,378,289,3.8,4.11,4.22,1.75,4,1,1,1,104,8,1,20,3.2
263,350,213,422,333,4.6,4.33,4.22,1.88,4.2,42,14,1,89,10,2,21,2.8
288,390,388,356,322,4.6,4.67,4.22,1.88,4.2,34,2,0,492,69,2,19,2.9
338,280,325,367,278,4.4,4.22,4.33,1.63,4.2,22,11,1,225,6,2,21,3
288,280,313,389,356,4.6,4.11,4.67,1.25,4.1,40,1,2,104,40,2,20,3.1
288,350,438,333,389,4,4.11,4.89,1.75,4,100,11,0,405,40,2,20,3.3
238,450,350,444,389,4,4.56,4.11,2.13,4,76,20,1,188,15,2,18,3.4
313,360,375,389,367,4.6,4.67,4,2.38,3.9,17,9,0,183,27,2,20,3.5
363,310,325,289,433,3.6,4.11,4.67,1.63,4,32,19,1,181,22,2,19,3.1
438,370,300,378,300,4.6,3.89,4.22,1.5,4.7,0,9,1,113,22,2,18,2.5
300,400,338,378,322,4.4,4.44,4.22,1.75,4.5,29,1,0,141,38,2,18,3.1
263,370,363,333,322,4.2,3.78,3.89,2.25,4.2,4,12,1,229,2,1,20,2.7
338,380,313,278,256,4.6,4.44,4.22,2,4.1,16,13,0,879,20,2,20,3.1
225,300,338,356,400,4.8,4.11,4.22,2.38,4.1,18,18,1,319,30,2,20,2.8
400,480,338,378,267,4,4.33,4.44,1.25,4.8,110,21,2,102,20,2,17,2.4
250,420,350,322,400,4,4,4.56,2.63,3.8,0,3,1,141,15,1,21,3.2
138,340,425,400,244,4.6,4.33,4.67,1.13,4.1,74,6,0,261,30,2,20,3.3
338,470,213,311,344,3.6,3.67,4,2,4.2,84,6,0,181,30,1,20,3.1
325,410,363,333,300,4.4,4.22,4.78,1.63,3.5,1,7,0,193,33,2,17,4
338,430,400,378,344,4.2,4.22,4.33,1.5,4.7,227,127,0,452,14,2,19,3.4
313,410,400,356,200,4.6,4.22,3.89,1.63,4.2,31,12,0,281,21,2,20,2.7
338,400,425,211,200,4.4,2.89,3.78,1.63,4.9,28,13,1,107,9,2,19,3.1
325,320,338,389,456,5,4.67,4.89,1.13,4.3,96,7,0,177,19,2,20,3.3
225,270,250,333,389,4,3.67,4.11,1.88,3.5,73,2,0,169,59,2,19,2.9
400,370,288,322,256,3.2,3.33,4,2.5,4.1,73,2,3,122,18,2,18,3.2
188,410,338,400,444,4.4,4.33,4.89,1.38,4.5,21,16,0,627,40,1,20,3.7
288,320,375,400,433,3.8,3.67,4.56,1.88,3.6,29,25,4,107,12,2,20,3.5
400,320,463,356,400,4.8,4.33,5,1.13,4.2,21,5,0,352,22,2,20,3
275,500,350,378,289,4,4.22,4.22,2,4.8,74,23,0,270,26,2,18,2.9
350,410,313,222,278,4,2.11,4.56,2.25,4.6,164,5,0,211,10,1,19,3
313,400,413,311,344,4.8,4.67,4.89,2.38,4.1,190,28,0,461,46,2,19,2.5
375,380,288,378,289,4.2,4.11,4.33,1.88,4.6,118,33,3,164,15,2,18,2.5
463,330,388,344,322,5,3.89,4,2.5,4.1,73,2,0,40,3,2,20,2.5
313,260,425,344,356,4.4,4.22,4.33,1.88,4.1,50,11,2,166,22,2,19,3.4
300,440,288,311,233,4,3.67,3.89,2.13,4.4,14,13,5,118,8,1,19,3.5
363,360,263,311,267,4.2,3.33,3.44,2.5,3.7,139,10,22,80,7,2,18,2.3
413,300,300,378,278,4.2,4.11,4.33,2,4.2,22,11,0,468,45,2,21,3.1
350,280,213,400,322,4.2,3.67,4.44,2,3.8,21,21,0,314,12,2,24,3.5
200,460,425,411,411,4.8,3.89,4.78,1.5,4.8,87,3,1,328,33,1,19,4
263,330,325,333,333,3.8,3.67,4.67,1.88,4,0,6,2,220,47,2,19,3.2
325,370,338,411,311,3.8,3.89,4.22,2.38,3.8,231,9,4,272,13,2,20,2.9
375,320,275,411,433,4.4,4.33,4.89,1.75,4.2,49,1,0,177,37,2,20,2.5
300,350,350,400,311,3.8,4.22,3.33,2.5,3.6,126,4,0,254,16,1,21,3.3
363,440,325,333,367,4.8,4,4.78,2.25,4.6,104,121,16,551,49,2,18,3.2
300,420,388,378,278,4.2,3.56,4.67,2.13,4.4,123,71,3,1088,17,1,21,2.6
263,350,350,333,389,3.8,3.89,4.78,2.13,4.6,35,1,0,196,25,1,18,2.9
375,440,338,333,300,3.4,4,4.22,1.63,4.1,58,32,1,723,36,2,21,3.3
288,380,338,344,344,3.6,4.33,4.44,1.63,4.5,45,13,0,239,19,2,19,3
400,300,200,356,256,4.6,4,4,2,3.6,0,4,0,298,50,2,19,3.2
213,350,475,289,322,5,3.67,4.67,2,4,15,7,0,921,114,1,19,3.6
213,440,338,400,344,4.4,4.56,4.44,2.13,4.5,222,2,0,40,17,2,20,3.6
275,410,375,344,211,4.2,4.22,4.56,1.38,4.8,0,6,0,69,11,2,19,2.8
263,330,488,344,378,4.6,4.56,4.78,1.13,3.9,0,17,1,371,16,2,21,3.1
438,270,250,244,289,4.4,3.56,4.78,1.75,3.9,45,13,4,120,18,2,20,2.6
263,470,463,433,211,4.8,4.67,3.44,1.25,5,83,11,0,281,45,2,20,3.6
288,390,288,389,400,3.4,4.22,4.33,2,3.6,1,1,1,88,18,2,19,3.5
263,440,375,356,244,4.8,3.67,4.33,1.38,4.7,55,7,0,322,15,1,19,3.7
188,380,413,356,433,4.6,4.67,4.56,1.75,4.4,7,10,1,149,14,1,20,3.7
438,500,325,322,278,4.6,4.67,4.67,1.13,4.9,126,9,1,617,27,2,20,3
263,380,463,311,333,4.6,4.22,4.78,1.5,4.3,19,4,0,1006,78,1,21,3.3
288,320,388,356,367,4.2,3.78,4.56,1.88,3.8,28,2,1,296,4,1,21,3
263,340,475,289,422,4.6,3.67,4.33,2,3.5,55,4,1,350,40,1,20,3.5
300,370,400,233,433,4.6,3.11,4.78,2.25,4.3,82,3,0,673,78,1,19,3.3
263,350,225,300,244,3.6,3.67,4.33,1.5,3.9,25,14,0,54,9,2,18,2.8
300,350,425,344,322,4.8,4.11,4.78,1.75,4.4,2,3,0,369,38,2,20,4
363,310,263,300,367,4.2,4.22,4.44,1.5,4,115,6,0,115,10,2,20,3.6
313,360,438,378,422,4.2,3.67,4.11,2,3.9,21,6,1,188,17,1,18,3.4
425,390,338,322,456,4.4,4.67,5,1.13,4.7,171,8,1,98,7,2,21,3.2
225,440,400,433,444,4.2,4.56,4.78,1.75,4.3,0,4,0,185,40,2,22,3.4
338,420,263,344,244,4.2,4.11,4.11,1.38,4,20,9,3,145,12,1,23,3.4
400,420,288,311,444,4.2,4.22,5,1.13,4.4,91,10,0,289,23,2,21,2.9
263,400,263,433,333,4,4.44,4.56,1.63,3.8,68,8,1,217,19,2,20,2.6
338,310,275,378,367,3.4,3.67,4.33,1.38,4.1,177,1,1,255,19,2,20,2.8
213,280,188,400,256,4.2,3.89,4.56,1.5,3.8,3,2,0,49,1,1,20,3.1
325,490,388,389,256,4.6,4,4.22,1.5,4.2,86,4,4,184,15,2,22,2.8
238,440,363,422,433,4.4,4.67,4.89,2,4.6,2,5,1,459,108,2,18,2.9
375,400,375,356,333,4.2,4.33,4.56,1.75,4.1,3,7,0,145,13,2,21,2.7
238,330,288,344,378,4,4,4.22,1.88,3.9,0,2,0,25,2,1,21,3.2
263,360,363,322,389,3.6,3.33,3.44,2.75,3.4,2,8,12,66,1,1,19,3.28
325,490,400,378,400,4.2,4.33,4.44,2,4.8,52,9,0,217,42,2,18,3
300,330,388,333,333,4.4,3.78,4.78,2.13,4.3,3,3,0,230,15,1,21,2.8
275,330,325,433,367,3.8,4.33,4.33,2.13,3.9,49,19,1,367,15,2,18,3.6
313,460,363,356,322,4.6,4.44,3.56,2.13,4.4,41,1,0,135,36,2,18,3
288,330,375,356,378,4.2,4,4.22,2.38,3.8,0,6,1,143,12,1,18,3.1
263,310,388,356,289,4.8,3.78,4.44,1.88,3.7,10,11,0,201,14,2,21,2.9
338,390,200,433,344,4,3.89,4.56,2,4.2,1,6,0,172,5,1,21,2
363,440,225,333,344,4.2,4.33,4.33,2.13,4.7,82,3,1,310,46,2,19,3.1
388,420,275,311,356,3.4,4.11,4.11,2,4.2,3,7,0,116,16,2,19,2.6
388,410,388,300,333,4.4,4.44,4.78,1.88,4,41,1,0,219,18,1,20,3.4
388,410,300,344,333,4,4.22,4.67,1.63,3.9,21,28,0,195,30,1,20,3.1
188,350,363,389,278,4.8,4.33,4.44,2.25,4.2,18,1,0,791,25,1,19,3.2
338,290,250,389,356,5,4.44,4.33,1.75,4.3,145,7,1,124,16,2,19,2.9
263,370,350,278,378,4,4.11,3.56,2.5,3.8,73,2,0,163,332,1,19,3.5
313,320,288,389,333,3.4,4.22,4,2.38,3.8,130,5,2,101,11,2,18,2.9
275,240,350,322,333,4.6,4,4.78,1.5,3.8,0,12,0,214,48,2,18,3.2
263,310,400,378,311,3.8,3.78,4.44,1.75,3.8,40,15,1,173,12,2,20,3.1
388,420,488,300,411,4.4,3.89,4.78,1.38,4.6,19,20,0,128,18,2,21,3.5
263,490,413,300,489,4.4,3.11,4.67,1.88,4.8,49,35,4,281,26,2,21,2.9
238,420,275,356,367,4,3.44,4.44,2.13,4.3,6,1,2,17,1,1,21,3.3
375,380,325,389,356,3.8,4.33,4.22,2.38,3.7,21,7,0,161,6,2,20,2.8
225,300,350,344,322,4,3.67,4.56,1.75,3.6,43,11,1,309,15,1,20,2.9
200,310,350,444,333,4.8,4.44,4,1.63,4.4,0,5,3,146,25,2,19,3.6
263,480,438,422,389,4,4,4.11,1.63,5,12,14,2,251,16,2,21,3.6
300,280,350,378,356,4.4,4.44,4.33,2.5,3.8,13,4,0,211,34,2,18,3.1
388,350,325,356,389,4.2,3.89,4.56,2,4,19,21,0,239,10,1,21,3.6
338,320,288,422,389,4.4,4.11,4.56,1.88,3.7,208,27,0,188,11,2,19,3.4
188,440,375,500,500,4.6,4.89,5,1.25,4.4,800,3,0,249,46,2,18,3.6
263,310,338,356,322,4.4,4.22,4.56,2.13,4.1,107,11,0,307,34,2,19,3.1
238,380,363,367,222,4,4.22,4.89,1.75,4.2,16,7,1,282,22,2,20,3.2
200,280,325,411,333,4.8,3.56,4.89,1.25,4.4,11,2,0,160,13,1,21,3.3
238,460,300,322,400,3.6,3.78,4.67,1.63,4.9,13,1,1,72,16,2,21,3.2
200,310,400,411,400,4.8,4.22,4.33,2,4.2,19,6,1,98,27,2,18,3.2
338,400,375,289,367,5,4.33,4.22,1.38,4.5,46,43,2,236,14,2,18,2.9
388,360,413,322,211,4.4,3.44,4,1.88,3.9,53,11,8,66,17,2,19,3.1
313,390,200,311,267,4,4.22,4.44,2,4.1,48,1,0,101,7,1,20,3.4
425,350,225,344,289,3.6,3.89,3.89,1.63,3.5,112,33,55,306,11,2,19,3.2
288,450,275,322,356,3,4.11,4.22,2.38,4,0,1,0,65,17,1,19,4
250,470,363,300,178,4,3.56,3.89,2.38,4.5,2,2,0,146,10,1,19,3.6
238,320,400,356,289,4.6,3.22,4.56,2.13,3.9,173,4,3,184,8,1,20,3
400,290,288,222,333,4.4,4,4.56,2,3.9,89,19,0,195,43,2,18,2.4
225,420,438,411,378,4.4,4,4,1.88,4.5,459,18,0,163,20,2,18,2.9
425,420,388,367,411,4.6,4.22,4.78,2,4.6,42,8,2,469,24,1,18,3.7
388,420,463,311,222,4.4,4.56,4.56,1.88,4.5,282,3,0,205,18,2,20,3.4
438,270,300,344,289,3.8,3.67,4.56,2,3.8,0,14,3,155,23,2,18,2.3
200,290,363,467,344,4,4.56,4,2,3.7,31,9,0,258,28,2,21,3.1
288,420,350,411,467,3.6,4.44,4.78,1.75,4.5,14,26,0,290,42,2,21,3.1
338,450,363,344,333,3.2,3.67,4,2.13,4.6,59,20,10,227,23,2,22,3.8
313,430,400,367,389,4.8,4,4.56,2,4.3,5,31,1,166,23,2,18,3.1
375,410,388,333,356,3.8,3.44,4.44,2.63,4.4,3,17,0,90,15,2,19,3.4
375,440,325,333,389,3.6,4,4.22,2.13,4.4,16,3,21,92,11,2,19,2.8
400,310,450,333,333,4.8,4.56,4.78,1.25,3.3,5,9,1,487,26,2,21,3.4
313,450,350,411,400,4.6,4.22,4.22,2.13,4.6,5,4,1,142,7,1,19,3.1
263,290,238,322,167,3,3.22,4.56,1.5,4.4,939,14,53,208,11,2,21,2.1
263,410,425,433,411,4.2,4.44,4.78,1.88,4.3,31,42,1,483,49,2,19,3.5
250,320,375,300,311,4.6,3.44,3.67,1.13,4.9,1,1,1,162,19,1,20,3
388,280,250,356,356,4.4,3.78,4.11,2.13,3.5,0,7,0,159,34,2,18,2.9
450,500,450,189,278,4.2,1.89,4.78,4.5,5,41,4,1,244,32,1,18,3.4
225,390,400,378,333,4.2,4.44,4.56,1.88,4,36,17,0,196,27,2,19,3.1
263,460,350,444,344,4.4,4.33,3.56,1.88,4,81,4,0,224,31,2,18,3.5
375,350,238,467,367,4.8,4.78,4.78,1.75,4,270,5,0,227,47,2,21,2.9
263,420,325,344,367,4.2,4.33,4.67,1.13,4.5,26,22,1,303,11,2,21,3.8
488,300,238,300,167,4,4.11,4.33,1.38,4,295,17,12,368,22,2,19,2.1
338,340,300,344,378,3.8,4.22,4.78,1.75,4,15,1,7,59,4,2,18,3.2
325,350,425,333,344,4.4,3.67,4.44,1.63,3.8,17,11,0,377,79,2,21,3.8
275,240,388,344,344,4.2,3.89,4.67,1.38,3.4,20,13,1,172,27,2,19,3.5
350,430,400,389,344,4.6,4,4.56,2,4.3,31,12,0,238,28,2,20,3.2
238,380,250,433,378,4.4,4.33,4.56,1.88,3.6,10,4,0,195,23,2,17,2.7
463,420,250,322,378,4.4,4.22,4.67,1.88,4.3,31,35,1,239,16,2,20,3.4
313,350,463,189,300,4.8,3.11,3.56,1.75,3.9,8,6,0,182,25,2,21,3.7
300,450,325,333,222,2.6,3.56,3.22,2.88,4.4,299,3,33,106,5,2,19,3.2
313,390,300,389,289,4.6,3.89,4.78,1.63,4.5,90,15,0,260,33,2,20,2.8
313,300,350,389,333,4.2,3.89,4.67,2,3.9,9,17,0,256,21,2,20,2.9
163,500,488,333,289,4.8,3.89,4.22,1.25,5,85,29,1,186,12,2,20,3.3
263,470,288,356,322,5,4.78,4.89,1,4.8,0,1,0,286,56,2,18,3.2
425,410,225,278,300,4.8,4.78,4.89,1,4.9,300,19,1,189,14,2,21,2.5
313,460,300,422,367,4.8,4.56,5,1.13,5,50,11,1,427,31,2,21,2.5
238,340,225,333,322,3.4,3.67,4.33,1.88,3.7,17,11,0,127,13,2,21,3.2
313,500,413,356,278,4.6,4.78,4.33,1.38,4.7,874,4,1,471,20,2,20,3.8
363,340,225,322,233,3.6,3.56,4.22,1.13,3.7,820,23,12,40,3,1,19,2.4
363,330,275,356,300,3.8,3.78,3.67,2.13,4.1,46,7,0,237,68,1,18,2.7
