bfia,bfiae,bfiaa,bfiac,bfian,bfiao,wallposts,portraits,imp_avs,friends,likes_portrait,sex,age,selfesteem
2.67,4,4.56,4.67,2,3.7,3,2,0,264,25,1,21,3
3.89,4.2,3.89,3.89,2.25,4.1,70,24,0,571,21,1,22,3.4
3.44,4.4,3.67,4.11,2.25,4.6,102,10,1,624,32,1,18,3
3.44,3.8,3.56,4.44,1.88,3.6,73,6,0,103,9,1,21,3
3,4.4,2.78,3.89,1.88,5,8,3,0,449,21,1,20,3.3
4,4,4.22,3.67,1.63,4.7,160,2,0,267,19,2,19,4
4.11,4.2,4.33,4.67,1.63,4.4,8,13,0,655,82,2,22,3.4
3.44,4.2,3.89,4.89,2.25,4.6,0,3,0,200,24,1,19,3.15
3.67,4.6,4.67,3.56,1.25,4.7,1198,4,7,127,23,1,19,3
4.11,3.6,4.78,4.89,1.25,4,1,2,8,189,7,1,18,3.6
2.89,3.8,3.67,4.44,2.25,3.8,5,11,0,281,41,2,21,3
4.33,4.8,5,4.89,1.13,4.8,881,11,0,293,50,2,20,2.9
3.22,4.4,3.89,4.22,1.75,4,73,1,0,124,16,2,21,2.4
3.78,4.4,4.33,4.11,1.75,3.8,73,26,0,285,16,2,18,2.7
3.78,4.6,4.44,4.56,1.5,4.4,13,4,0,137,6,1,19,3.3
3.67,4,4.22,4.78,1.88,4.3,38,8,5,408,12,1,19,3.4
1.78,4.6,3.33,4.89,1.63,4.1,282,50,2,119,12,2,19,3.3
3.44,4,3.44,4.89,2.13,4.6,121,50,1,197,10,2,19,4
2.67,4,3.33,3.67,2.38,4.6,0,1,0,52,21,2,21,2.8
2.89,4.2,3.56,4.89,2.25,3.8,73,2,0,266,70,2,18,2.8
3.89,3.4,3.22,4.44,2.38,4,200,22,3,118,7,1,19,2.1
2.56,4.8,5,4.78,1,4.8,51,41,1,133,23,2,18,3.3
3.56,3.6,3.67,4.22,2.25,3.9,50,3,1,227,29,2,19,2.9
3.22,4.8,4.89,4.89,1.25,4.8,51,6,0,306,15,1,20,3.2
3.11,4.2,3.56,3.78,2,4.3,9,22,0,319,23,2,20,3.2
4,4.2,4.44,4.78,1.63,4.6,470,16,9,636,30,2,19,2.7
3.33,3.8,3.89,4,2.25,3.7,14,9,0,109,10,1,22,3
4.56,4.4,4.33,4.78,1.75,4.3,43,3,0,196,24,2,21,3.3
3.89,4.6,4.11,4.56,2.25,4.5,644,13,0,106,34,2,18,3.8
3.67,4.8,4.44,4.44,1.75,4.6,233,9,0,211,30,2,19,2.5
3.56,4.4,4.11,4.78,1.5,4.5,169,25,0,245,20,2,20,3.5
3.67,4.6,4.11,4.11,1.25,4.8,188,55,2,981,18,2,19,3.5
3.11,3.8,4.22,3.67,1.13,4.2,73,2,0,157,11,2,20,2.8
3.33,3.6,3.89,4,2,3.6,323,28,98,72,8,1,19,2.5
3.44,4.2,4.78,4.44,1.88,4,51,10,1,283,16,2,22,3
3.67,4.4,3.56,4.89,1.75,4.6,21,2,0,146,28,2,18,3.4
3.78,4.6,3.33,3.44,2,4.8,17,2,2,215,14,1,23,2.6
3.33,4,4.11,4.56,1.5,4.1,14,2,0,57,16,2,18,3.7
2.89,4,3.44,4.33,2,4.3,68,12,0,82,260,2,21,3.6
1.78,4.4,3.22,4.33,1.88,4.7,80,12,0,490,46,2,19,2.9
2.22,2.8,4,4.78,1.38,3.1,11,4,0,116,22,2,18,2
3.89,3.8,4.11,4,2.38,4.5,1,2,1,14,11,1,20,2.7
2.78,4.4,3.44,4,1.75,3.4,267,42,1,410,27,2,19,2.3
3.22,4.2,3.44,4.78,1.88,3.7,68,15,1,332,38,2,19,3.2
4,4.6,4,4.67,1.13,4.2,13,13,2,669,33,2,22,3.7
3.11,4,4.44,4.56,1.88,4.7,0,3,0,124,14,1,19,2.9
2.78,4.8,3.33,3.78,1.88,3.9,97,21,0,215,36,2,17,3.4
4.33,4.2,4.56,4.78,1.5,3.7,36,6,3,209,13,2,21,2.7
4,4.4,3.89,4.67,1.88,4.5,144,12,0,143,10,2,19,2.4
1.78,3.6,3.56,4.56,1.38,4.7,72,13,0,436,64,2,20,2.88
4.22,4.6,3.78,4.11,1.5,4,116,10,0,554,41,2,19,2.5
4.11,4.4,3.89,4.22,1,4.4,933,19,1,1049,55,2,19,3.8
2.44,3.6,3.67,4.33,2,3,8,7,0,111,16,2,20,3.2
3.44,4.2,4,4.56,1.13,4,85,2,0,174,16,1,20,2.4
3.56,3.4,4.33,4.89,1.5,4.7,2230,36,0,209,22,2,20,3.5
3.67,4.2,4.78,4.22,1.25,4.2,1,3,0,212,36,2,18,3.9
3.22,4.8,4.44,4.11,1.5,3.8,29,4,0,537,61,2,20,2.6
3.56,4.2,4.11,4.67,1.13,4.7,183,29,2,901,16,2,21,3.2
3.44,4,3.67,4,2.13,3.6,345,32,7,536,49,2,21,2.9
2.22,3.8,3,4,1.88,4,16,2,0,113,15,2,21,3.2
4.11,4.2,4.11,4.67,1.88,3.9,2,6,0,260,8,1,20,2.9
3.22,4.4,3,5,1,4.5,2,13,9,244,7,1,20,2.5
2.89,4.8,3.67,4.11,1.63,4.1,32,17,0,306,20,2,17,3.3
4.11,4.6,4.44,4.67,1.25,4.7,32,4,0,256,46,2,19,3.8
2.67,4,2.33,4.11,2.88,5,286,44,0,217,11,2,18,3.6
3.44,4.2,4.33,4.67,2.38,3.7,5,15,0,352,23,1,19,2.8
4.11,4.4,4.33,4.78,1.63,4.2,235,40,4,239,19,2,22,3.7
4.22,4.2,4.44,4.67,1.13,4.3,12,2,0,531,25,1,18,3.8
2.44,3,2.22,3.33,1.75,3.6,6,3,0,80,8,1,19,2.9
4.11,4.2,4.44,4.78,1.5,4,82,27,0,270,49,2,20,3.2
3.22,4.2,4.22,4.67,1.25,3.9,3,2,1,166,9,2,18,2.9
4.11,3.8,3.89,4.67,1.63,4.3,15,7,1,224,17,1,20,3.6
3.78,3.8,3.67,3.67,2.5,3.6,8,2,0,144,34,2,21,2.7
3.67,4.2,3.78,4.67,1.63,3.9,4,6,0,187,31,2,20,3.4
3.33,4.2,4.22,4.56,1.88,3.6,47,39,0,315,18,2,20,2.9
3.11,4.4,3.78,4.67,1.75,3.6,44,14,3,278,45,2,18,2.5
3.89,4.4,3.89,4.33,1,4.4,3,3,1,435,17,1,19,3.6
2.89,3.4,2.67,4,1.88,4.8,4,3,0,83,23,2,18,3.5
3.33,3.8,4.33,4.78,1.75,3.9,0,1,0,258,9,1,20,3.4
3.67,3.4,4.33,4.11,1.63,3.9,209,31,0,468,31,2,18,2.9
3.44,4.4,4.56,4.33,1.13,4.2,36,6,0,434,41,1,24,3.6
3.78,4.6,4.56,4.89,1.63,4.9,15,14,0,307,25,2,18,3.4
3.22,3.4,3,4,1.75,4.6,93,13,0,66,8,2,24,3.4
3.78,4.6,3.78,4.33,1.63,3.9,23,6,9,93,26,2,19,3.4
3.67,4.8,4.22,4.11,1.25,4,22,20,0,208,32,2,18,3.2
3.11,4.6,4.44,4.89,1.13,5,222,8,4,156,17,1,20,2.8
4,4.6,3.67,4,2.38,4.2,16,36,0,310,30,2,19,2.8
3,4.2,3.67,4.22,1.38,4,4,8,0,134,34,2,19,2.7
3.89,4.2,4,4.67,2.13,4.5,95,48,9,98,11,2,19,3.2
2.22,4.8,4.33,5,1.5,4,177,47,0,90,81,2,21,2.5
2.44,2.8,4.11,4.11,2.25,3.9,0,9,2,115,12,2,21,3.1
2.67,3.8,3.67,4.67,1.5,3.4,185,9,0,150,12,2,19,3.1
2.78,3.8,2.89,2.78,2.88,3.6,73,9,0,150,14,1,19,2.5
4,4.4,4.56,4.56,1.63,4.6,206,5,0,343,14,2,19,3.5
4.11,3.4,4.33,4.67,2.13,4.4,48,24,0,269,52,2,18,3.1
2.67,4.4,3.78,4.89,1.75,4.3,45,24,2,612,111,2,18,2.8
3.11,4.6,3.33,4.33,1.88,4,0,1,0,72,11,1,19,3.5
3.56,4.6,3.78,4.56,2,4,399,20,3,288,10,2,19,3.3
3,3,3.22,2.89,2.63,3.2,4,7,0,69,11,2,19,2.7
3.44,4.2,3.78,4.44,1.88,4.2,75,12,0,643,164,2,18,3.1
3.89,4.2,3.78,4.33,1.5,4.5,67,38,0,447,29,2,23,5.92
4.22,4.6,3.78,4.89,1.5,4.5,1,7,1,91,7,2,21,3.6
3.33,4.6,4.11,4.78,1.13,4.8,68,22,0,634,26,2,20,3.4
4.11,4.4,4.33,4.33,2.13,3.8,72,8,0,362,50,2,21,3.2
3.67,4.8,3.56,4,2.25,2.7,32,10,4,341,6,1,19,3.4
4.11,4.4,4.56,5,1.63,4.3,149,10,3,117,9,1,22,3.6
3,4.4,3.89,4.22,1.75,3.6,78,26,1,108,23,2,21,2.3
2.78,3.6,3.44,3,3,4.6,29,12,2,591,8,1,19,3.5
3.56,4.2,4.56,4.22,1.75,4.7,43,14,0,313,41,2,19,2.4
3.44,3.4,3.89,4.56,2.13,4.4,244,16,6,512,27,1,21,2.7
3.78,4.6,3.89,3.56,2.25,3.6,17,10,1,162,8,1,20,3.2
3.67,4.8,4.11,4.22,1.25,4.3,114,4,0,271,16,2,21,3
3.89,4.6,4.22,4.78,2,4.2,4,1,0,226,33,1,18,3.3
3.56,3.6,4,4.78,1.38,3.7,21,15,0,239,21,2,20,2.3
2.78,4.6,3.89,4.89,1.25,3.8,406,23,0,153,13,2,18,3.2
2.44,5,2.89,4.78,2.25,4.6,175,54,2,155,21,2,19,3.9
4.33,4.2,4.44,4.44,2,4.1,41,16,0,337,30,2,19,3
4.11,5,4.78,4.89,1,4.5,15,7,0,219,56,2,18,2.6
3,4.2,3.56,4.33,1.63,4.9,439,3,1,85,11,2,19,2.4
2.78,4.4,4.56,4.56,1.25,4.7,1,5,0,236,42,2,20,3.6
3.89,4.2,3.78,4.11,2.13,4.1,31,4,0,115,15,1,20,2.3
3.22,4.2,4.44,4.67,1.63,4.3,10,4,0,133,57,2,17,2.3
2.67,2.8,2.44,4.22,1.5,3.7,0,2,4,91,13,2,19,2.2
3.11,4.8,4.33,4.67,2.13,4.5,2,8,0,421,53,2,20,3.7
3.56,4.6,3.89,4.67,1.88,4.3,1,8,0,687,76,2,18,3.6
3.89,4.2,3.56,4.22,1.13,4.7,9,6,1,261,19,1,19,3.4
2.67,3.6,3.33,4.89,1.25,3.9,251,20,0,126,18,2,19,3
3.78,4.4,4.33,4.44,2,4.5,0,9,1,95,13,2,18,3
3.78,3.4,4.33,4.11,2.13,4.7,18,7,0,399,53,2,19,2.9
4.11,3.8,3.67,4.44,2,3.8,11,4,0,274,6,1,23,2.7
4.33,4.2,4.33,4.44,1.75,3.7,116,30,0,430,24,2,20,3.3
4.33,4,4.33,4.44,1.88,3.8,3,17,0,201,28,2,18,3.5
3.11,4.2,3.67,4.78,1.25,3.8,25,3,1,159,14,1,24,3.2
3.89,4.4,4.11,4.89,1.38,4.5,81,23,0,298,28,2,19,3.8
3.78,4.4,4.22,4.89,1.5,3.8,7,13,4,119,5,2,18,3.1
3.56,3.8,4,4.78,1.63,4.3,344,24,1,314,14,2,18,3.5
3.44,4.4,4.22,4.78,1.88,4,180,14,2,191,20,2,22,3
4.67,4.6,4.78,4.67,1.5,4.4,22,3,0,180,32,2,20,2.8
2.78,3.4,4.22,4.33,2,4.1,3,1,0,417,12,1,19,2.6
3.44,5,3.89,4.33,1.5,3.8,32,12,0,363,42,2,19,3.5
3.33,4,3.89,4.33,1.5,4.4,84,1,2,139,7,2,20,3.2
3.56,4,4,4.56,1.38,4.5,173,9,1,224,29,2,20,3.9
3.78,4.6,4,5,1.63,4.8,27,2,0,64,27,1,20,3.4
3.22,3.8,4,4.56,1,4.1,20,6,1,58,17,2,19,3.5
4.33,4.6,4.33,4.89,1.63,4.4,286,57,1,282,26,2,19,3.5
3.78,3.8,4.44,4.67,1.75,4.3,4,4,0,269,40,2,21,2.3
3.78,4,4.67,4,1.25,4.6,1,3,4,123,15,1,20,2.8
4.22,4.6,3.89,4.11,3,4.1,1,2,0,260,30,1,19,3.3
3.44,4.4,3.67,4.44,1.75,3.8,1,13,0,199,45,2,19,3.4
4.11,5,4.78,4.78,2.25,3.9,30,7,0,322,59,2,19,3
3.44,3.8,3.89,4.11,1.5,4.3,3,2,0,198,25,1,18,2.8
3.56,4,3.89,4.67,1.38,4.5,22,3,0,458,96,2,20,3.3
3.67,4,4,4.33,1.63,4.4,21,3,0,248,41,2,19,3
3.33,4,4.44,4.56,1.38,4.4,162,4,9,136,21,2,19,2.3
3.67,3.8,3.67,4.56,1.38,3.7,140,25,1,419,11,2,22,2.9
3.67,4.6,4.44,4.78,2.13,4.2,53,11,0,395,57,2,20,3.2
2.67,3.8,3.56,4.11,1.88,3.9,15,8,1,139,7,1,20,3.4
3.89,4.2,4.67,4.67,2.13,4.3,795,42,0,273,12,2,20,2.5
3.78,4,4,4.78,1.5,4.1,24,26,0,574,66,2,20,3
3.89,3.8,4,4,1.5,4.2,15,5,2,120,10,2,19,3.2
3,4,3.89,4.67,1.88,4.1,117,29,4,489,19,2,20,1.9
3.44,4.2,3,3.89,1.88,3.7,1,3,0,94,18,1,21,2.5
3.78,3.8,3.44,4.44,1.38,4.4,28,5,4,120,14,2,22,3.5
3.67,4.2,4,4.33,1.88,4.4,54,9,0,310,31,2,19,3.2
3.56,4.4,4,4.89,2.13,4.5,23,12,1,405,62,2,19,3.4
3,4.4,3.89,4.33,1.5,3.8,73,3,0,106,46,2,18,3.1
3.33,4.2,3.89,4.33,2.25,3.7,2,1,0,228,28,2,19,2.8
4.33,4.2,4.44,4.33,1.88,4.5,156,41,12,125,12,2,22,3
3.89,5,4.11,4.56,1.38,4.2,73,1,0,332,28,1,21,3.3
3.67,4,4.33,3.89,2.13,4.5,3,5,0,226,7,1,17,3.2
2.56,3.2,4,4.56,1.5,3.7,97,3,3,143,9,1,21,1.7
2.89,4.8,3.67,4.89,1.63,4,69,5,0,225,8,1,20,3
3.78,4.6,4.11,5,1.75,4.3,3,7,0,172,47,2,18,3.8
3.78,4.4,4.89,4.89,1.75,4.6,5,7,1,199,19,2,21,3.4
4.67,4.6,4.67,4,1.38,4.5,0,2,0,107,8,2,18,3.4
3.44,4.4,4,4.22,2,4.2,24,29,1,152,23,2,19,3.1
3.44,4,3.44,4.22,1.75,3.4,55,34,0,433,37,2,20,2.8
3.33,4.2,4.11,4.22,1.63,3.5,26,3,0,467,42,1,19,3.4
4.11,3,4.11,4.11,2.13,4.7,53,2,2,123,12,2,20,2.3
3.11,5,4.67,4.56,1.25,4.3,15,21,0,261,18,2,18,3.2
2.44,5,4.22,4.89,1,4.8,20,9,0,277,7,1,21,3.8
3.44,4.8,4,4.33,1.5,4.4,90,6,1,223,33,2,21,2.7
3.11,4,4.56,5,1.5,3.9,73,1,0,38,3,1,18,2.9
3.78,4,4.44,4.33,1.38,3.8,131,5,1,27,11,2,20,3.2
3.56,4.4,4.56,4.44,1.5,4.7,8,3,0,167,6,1,25,4
3.67,3.8,4,4.22,1.75,4.8,1,1,0,472,19,1,18,2.9
3.22,4.2,3.67,4.67,1.75,3.8,73,2,0,162,12,1,20,3.5
3.22,3.6,4.22,4,1.5,4.1,35,1,1,199,20,2,21,2.9
2.67,4.8,4.11,4.44,1.5,4.5,2,3,0,227,49,2,18,3.2
4.11,4.8,4.78,4.78,1.5,4,36,16,1,616,31,1,19,3.8
3.11,3.6,3.67,4.22,1.5,3.6,0,1,0,97,11,1,18,3.1
3.67,4.4,4.56,4.22,2,4.7,45,22,1,172,18,2,19,3
3.44,4.2,3.56,3.67,2.5,4.1,79,25,2,240,11,2,20,3.2
4,4,4,4.78,2.25,4.1,31,5,0,117,11,1,19,2.8
3.11,4.4,3.78,4.56,1.5,3.4,5,6,0,280,9,1,20,3
3.22,3.4,3.33,3.44,2.63,3.7,347,2,6,89,17,2,18,2.3
3.67,4.2,4.33,4.44,1.88,4.2,24,6,3,154,41,2,19,2.7
3.67,3.4,3.78,3.33,3,4.5,550,29,7,216,10,2,18,2.7
4.56,4.2,4.44,4.11,1.5,4,7,1,0,134,22,1,21,3.5
2.89,3.6,4,4.56,2.5,3.6,42,7,0,187,27,2,21,3
3.22,1.8,3.22,4.78,1,1.8,26,3,7,418,10,1,22,3.6
2.22,3.4,3.89,4.22,1.63,4.2,5,1,0,45,6,2,19,2.9
3.78,4,4.11,4.22,2.13,4.3,20,11,0,209,34,2,20,3.6
3.56,4.2,4,4.22,2.13,3.3,30,12,2,223,26,2,19,3
2.44,4,3.89,4.44,1.63,3.9,0,2,0,181,14,2,19,3.1
4,4.6,4.67,5,1.5,4.8,66,16,0,527,26,2,21,3.7
3.44,4.2,4.56,4.78,1.13,4.5,15,10,0,200,35,2,20,3.2
4.33,5,4.89,4.22,1.38,4.2,6,2,0,167,21,1,19,3.6
3.44,4.8,4.33,4.67,1.25,4.6,73,1,0,128,6,2,19,3.7
4,4.6,4.22,4.89,1.5,3.9,20,13,6,186,7,2,21,3.8
3.89,4.4,4.22,3.67,1.75,4.7,24,22,0,328,30,2,19,2.9
3.67,4.8,4.11,4.56,2.38,4.8,8,7,0,380,54,2,18,3
4,4.6,4,4.89,2,4.3,6,17,4,638,30,2,20,3.9
3.56,4.4,4.67,4,2.38,3.8,1,26,0,124,11,2,19,2.8
2.56,4.4,3.33,4.56,1.88,3.9,4,11,4,117,8,2,18,1.6
3,5,3.22,4.22,1.75,3.9,27,19,1,195,15,2,18,3.6
3,4.4,3.89,4.56,2.25,4.2,30,4,0,444,43,1,19,2.7
3.67,4.2,3.78,4.11,1.88,3.4,28,4,0,415,38,2,21,3.2
3.67,4.8,4.22,4.67,1.63,3.7,2,11,0,176,28,2,17,2.8
2.56,4.2,2.78,5,2.5,4.2,0,1,0,41,0,1,20,3.5
2.56,3.8,3.56,4.33,1.63,3.8,13,1,0,174,5,1,29,3.5
1.78,4.8,4,4.56,1.25,4.4,28,2,0,265,33,2,21,2
4.33,3.8,4.33,4.67,2.38,4.8,208,6,39,52,7,1,19,2.8
3.78,4.2,4.11,4.89,1.13,5,6,1,0,91,34,1,19,3.3
3.11,3.2,3.89,3.78,3.13,4,73,4,0,39,3,2,19,2.7
3.78,4.4,4,5,1.25,4.9,4,1,0,336,14,1,20,3.2
3.78,4.2,3.67,3.78,2.13,3.6,41,3,3,113,6,1,19,2.8
2.78,5,4.33,4.78,1.5,3.8,73,4,0,287,34,2,19,2.8
3.33,4.4,4.11,4.67,1.75,4.4,53,1,0,165,30,2,23,3.9
2.89,4,4.11,4.56,1.75,4.4,2,1,0,62,95,2,19,3.4
3.22,4.6,4.11,4.89,1,4.5,14,6,0,244,14,1,20,3.7
3.22,4.8,4.56,4.89,1.5,4.9,96,22,0,433,67,2,18,4
3.78,3.8,4.33,4,1.88,3.7,2,4,0,119,27,2,18,3.5
3,5,3.33,4.89,1.88,4.5,1,4,0,321,100,2,18,3.4
3.67,4.2,4,4.11,2,4.7,119,2,6,140,9,1,20,2.93
3,3.6,4.22,4,1.38,4.3,480,17,6,152,16,2,20,2.2
2.89,4,4.33,4.33,1.13,4.3,76,19,0,415,63,2,19,3.2
3.89,4.4,4.67,4.22,1.5,3.7,11,6,0,276,69,2,20,2.6
3.11,4.2,3.78,4.67,1.75,3.9,5,2,0,533,41,2,19,3.1
3.78,4.4,4.22,4.44,1.5,4.6,36,5,5,199,32,2,19,4
3.56,3.6,4.33,4.44,1.38,4.2,44,5,3,511,36,2,21,2.6
4.11,4,4.22,4.78,2,3.9,228,33,1,224,14,2,21,2.9
4.33,4,4.11,4.33,2.25,4.1,30,10,0,307,35,2,18,3
3.22,3.6,4.22,4.33,1.38,4.7,11,7,0,244,56,2,19,2.2
3.11,4.2,4.22,4.89,1.13,4,1,4,0,38,5,1,19,3.1
3.44,4.4,4.11,4.89,1.63,4.1,49,5,0,402,30,2,20,3.3
3,4,3.56,4.56,1.63,4.5,16,12,0,226,48,2,18,3.3
3.56,4.4,3.89,4.56,1.75,3.5,19,5,1,243,14,1,19,3
2.67,3.6,4.22,4.22,1.88,4.9,41,3,0,185,19,2,19,2.5
3.67,4.4,4,4.33,1.88,4.8,302,42,24,349,46,2,18,2.3
2.89,3.2,4.44,4.22,1.25,4.8,84,10,1,227,37,2,20,3.2
4.67,4.4,4.44,4.56,1.38,4.4,20,6,0,339,71,2,22,3.2
3.33,4,3.89,4.11,1.63,3.5,34,3,9,61,14,1,18,3.2
3.89,4.2,3.78,4.89,1.75,4.3,12,9,0,250,28,2,21,3.1
4.22,3.6,3.56,4.56,1.13,4.8,78,15,2,174,8,2,21,3.6
3.33,4.8,4.11,4,2.5,4,43,25,0,447,37,1,18,2.8
4.11,4.8,4.33,4.67,1.13,4.8,88,8,0,218,31,2,21,3.3
3.56,3.8,4,4.78,1.75,3.9,114,8,0,231,34,2,21,3.3
2.67,3.6,3.33,4.67,1.38,4.1,0,8,0,384,24,1,18,3.1
3.67,4.8,4.33,4.56,1.88,3.7,2,5,0,534,70,2,18,2.6
3.33,4,4,4.11,1.75,4.4,8,11,0,397,17,2,20,3
3.44,4.4,3.89,4.33,1.25,4.8,56,19,2,91,13,2,19,3.3
3.78,3.6,4.56,4.89,1.38,4.5,5,3,0,258,11,1,20,2.8
3.33,4.2,4.22,4.33,1.63,4.2,337,5,1,90,16,2,19,2.3
2.22,3.2,3.11,5,1.63,3.4,283,6,0,201,42,2,20,3.1
3.33,4.2,4.11,4.56,1.88,3.9,75,5,0,171,8,2,38,3.3
3.67,4.6,4.33,4.89,1.5,4.8,179,59,8,1453,57,2,21,3.6
3.89,4.4,3.89,4.89,1.75,4,73,4,0,100,7,1,19,3.1
3.67,4.6,4.56,4.78,1.25,3.9,73,9,0,334,9,1,19,3.6
4.11,4,4.11,4.33,2.25,4.3,17,6,0,66,13,2,19,2.7
2.67,4.4,3.89,4.56,1.38,4.4,47,38,2,194,59,2,19,3.2
3.33,4.4,4.22,4.44,1.5,4.4,73,1,0,298,33,2,18,3
4.11,3.6,3.67,4.11,1.5,3.1,8,4,0,102,10,1,20,3.4
3.11,4.2,3.89,4.89,1.88,4.6,22,26,4,297,22,2,19,3.4
3.33,4.2,4,4.44,1.88,3.8,28,13,0,406,16,2,20,3.4
3,4.4,3.22,4.78,1.38,4.7,1,2,0,79,5,1,18,3.6
3.56,3.8,4.33,4.56,1.75,4,0,3,0,163,24,2,18,2.7
3.44,4.4,4.22,4.44,1.25,3.4,26,6,1,94,17,2,19,3.1
3.44,4,3.56,4.33,1.88,4,14,4,1,241,12,1,20,2.8
3.33,4.2,3.56,4.44,2.5,4.7,16,22,0,561,67,2,19,3
3.67,4.6,4.67,4.78,1.5,4.5,66,3,2,308,37,2,19,3.3
2.56,4.4,4.33,4.33,1.75,4,28,15,0,242,25,2,19,2.8
3.56,3.8,3.89,4,1.75,3.9,48,2,0,136,47,2,21,3
3.11,3.4,3.33,4.67,1.88,2.3,0,1,0,56,12,1,18,3.1
3.22,4.2,4.22,4.22,1.38,4.5,83,33,0,419,24,2,19,3.8
2.67,4.2,3,3.78,2.25,3.6,177,29,0,407,23,2,20,3.1
3.67,4.2,4.44,4.78,1.88,4.1,3,5,0,129,35,2,18,1.9
3.22,4.4,3.89,4.11,1.5,3.9,38,2,4,151,19,2,20,2.9
3.44,4,4.56,4.89,1,4.6,18,3,0,138,21,2,19,2.9
3.56,4,3.33,4,2.13,3.5,13,1,2,147,9,1,21,2.8
4,4.8,3.89,4,1.88,4.6,6,5,0,403,19,1,19,3.3
3,4.6,4.22,4.78,1.88,4.1,24,6,5,310,22,2,20,3.5
3.22,4.2,4.56,4,1.88,4.8,32,2,3,581,74,2,21,2.5
2.89,3.6,4,4.33,1.88,4,5,6,0,126,13,2,20,2.6
3.44,4,3.67,4.78,2.38,3.7,28,15,1,185,7,2,20,3.7
4.56,3.8,4.67,4.67,1.75,4.6,25,15,0,584,64,2,21,2.8
3.89,4.2,4.11,4.44,2,4,62,16,0,1037,92,2,20,3.4
2.33,4.2,3.22,4.89,1.63,3.7,127,4,4,687,22,1,21,3.5
4.22,4,4.11,4.33,2.13,4.3,118,49,8,743,58,2,18,3.3
3.78,4.2,4.22,4.89,1,4,8,3,0,259,31,1,20,4
4.44,5,4.22,4.78,1.5,4.3,83,9,0,252,14,1,19,4
3.11,4.4,3.78,4,2.5,4.5,0,8,0,209,15,2,19,2.7
3,3.4,3.67,4.11,1.88,4,4,12,3,148,31,2,20,2.9
3.11,3.8,3.67,4.11,1.88,3.9,73,9,1,80,3,1,28,2.4
3.22,3.4,3.33,4.56,1.63,4.1,22,1,2,137,1,1,19,2.9
3.44,4.4,4,4.67,2.13,4.8,112,4,0,328,43,2,18,2.8
4,4.6,4.44,4.67,1.5,4.7,37,4,4,267,29,2,20,2.7
3.22,4.8,4.33,4.89,1.5,4.8,218,10,0,449,40,2,18,3.3
3.33,3.8,3.22,4,2.38,3.8,3,2,1,76,21,2,22,3
3.56,4.2,4.33,4.89,1.5,4.5,30,2,0,243,71,1,21,2.8
3.44,4.6,3.78,4.78,1.25,4.4,6,20,1,213,36,2,21,2.8
3.56,4,3.44,4.56,1.75,4.7,15,2,3,70,7,2,18,3.1
3.56,3.8,3.44,4.78,1.25,3.8,5,13,18,206,15,2,20,3.4
4.11,4.6,4.44,4.11,1.88,4.3,0,4,0,21,4,2,21,3.5
4.11,3.8,4.11,4.78,1.38,4.9,10,4,4,168,26,1,20,3.5
2.67,3.6,3.89,3.56,1.13,4.4,17,1,1,79,15,2,21,3.1
3.56,4.2,3.89,4.89,1.25,4.2,0,6,0,237,26,1,18,3.4
4.22,4,4,4.33,2.13,4.4,48,1,0,376,39,2,21,3
3.33,4,3.56,4.56,3.75,3.9,9,9,1,241,34,2,19,3.3
3.33,4.8,4.22,4.56,1.38,4.8,39,25,1,223,30,2,19,3.3
4.89,4,4.56,4.78,1.38,4.4,25,4,0,72,10,2,21,3.2
3.56,4.6,4,4.22,1.63,4.3,24,5,1,184,26,2,18,2.9
3.44,4.6,4,4,1.63,4.6,73,5,1,117,38,2,17,3.1
3.89,3.8,4,3.67,2.5,4,37,16,0,401,52,2,19,3.2
3.89,3.4,3.89,4.67,1.88,3.8,21,10,3,36,5,1,19,2.7
2.78,4.6,3.56,4.11,2.13,4.8,46,22,7,70,11,2,19,3.1
4.11,4.6,4.56,4.67,1.63,4.9,11,29,0,181,12,2,20,3.7
3.89,4.4,4,3.89,1.25,4.5,38,13,1,177,34,2,18,3.1
3.22,4.2,4.44,4.67,1.38,4.1,3,9,0,139,23,2,18,3.1
2.78,4.8,2.67,4.22,1,4.2,22,23,2,352,18,2,21,4
2.89,4.2,3.89,4.11,1.25,4.3,12,8,0,133,8,2,21,2.1
4.11,4.8,4.78,4.89,1.88,4.8,50,10,0,189,26,2,20,2.8
2.33,3.2,4,4.22,2,3.6,1,4,0,420,28,2,20,1.7
4.22,4.2,4.56,4.56,1.75,4.4,32,2,0,470,60,2,18,2.7
4.44,4,4,3.67,1.75,4.4,14,11,0,329,48,2,19,2.6
4.44,3.6,4.56,4,1.38,4.9,86,8,0,191,19,2,17,3.1
2.11,4.8,3.67,4.56,1.75,4,16,17,0,311,35,2,22,3.7
3.44,4.8,3.33,5,1.5,4.5,14,13,0,360,45,2,22,3.6
3.56,3.8,3.89,4.33,1.63,4,14,7,0,99,19,2,20,3.8
2.67,3.6,3.89,4.89,1.5,4.8,41,7,0,200,61,2,19,3.1
2.89,4.2,3.78,5,1.75,3.6,309,2,1,242,49,1,19,2.6
3.44,4.2,4.33,4.89,1.63,4.1,7,1,0,263,25,2,19,3.2
3.56,4.6,4.11,4.78,2.25,4.6,15,13,0,278,30,2,18,3
4,4.8,4.78,4.67,1.25,5,22,3,0,111,8,1,18,3.1
4.22,5,4.67,4.44,1.88,4.7,4,1,0,188,61,2,18,3.2
2.89,4.2,3.33,3.78,2,3.7,7,1,0,240,10,2,20,2.6
3.33,3.8,3.67,3.78,2,4.3,423,20,4,299,34,2,20,2.5
2.89,3.8,3.89,4.78,2,4.1,0,1,3,18,21,2,17,2.7
3.67,4.6,4,4.33,2.13,4.2,0,1,0,118,8,1,21,2.4
3.78,4.4,4.56,4.78,1.75,4.5,25,5,0,206,31,2,20,3.4
3.56,4.4,3.78,4.44,1.75,3.8,4,11,1,104,14,2,18,3.5
3.22,5,3.89,4.11,1.88,3.5,0,8,2,134,19,2,19,2.9
3.78,3.6,4.11,4.33,2.13,3.7,0,1,0,47,0,1,22,3.3
3.78,4.2,3.44,4.22,1.63,4.2,30,8,2,575,55,2,20,3.2
4.78,4.4,4.56,4.78,1.25,4.7,0,2,0,180,51,2,19,3.4
3.89,4.4,4.22,4.67,2.13,4.1,57,23,2,239,29,2,20,3.2
3.56,4.4,3.78,4.44,1.5,3.7,0,2,0,110,5,1,20,3.3
4.44,4.4,4.78,4.89,1.5,4.6,887,50,0,207,52,2,18,2.7
3.89,3.8,3.67,4.56,1.5,3.9,56,9,1,315,11,1,24,3.5
3.56,4.8,3.56,3.89,1.5,4.3,45,17,1,314,27,2,18,3.1
3.22,3.4,3.89,4.11,1.63,3.6,78,1,0,337,40,1,18,2.6
2.67,4.8,4.56,4.89,1.13,4.8,3,4,0,197,40,2,21,3
2.78,4.6,3.56,4.44,1.63,3.8,49,3,3,375,34,1,21,3.4
4,3.8,3.78,3.89,2.13,4.2,10,11,5,523,84,2,20,2.7
3.78,4.4,4.44,4.33,1.88,3.4,42,5,0,308,37,2,20,3.9
2.56,4.6,3.44,4.44,1.25,4.4,317,6,0,376,29,2,20,3.7
4.33,4,4.33,4.56,1.88,4.5,58,4,2,156,17,1,20,3
3.78,4.6,3.89,4.78,1.13,3.8,38,7,0,292,38,2,19,3.3
2.67,5,2.89,4.56,2.38,4,88,18,3,345,43,2,20,3.3
3.33,4.4,4.56,4.67,1.25,4.3,3,2,4,554,33,2,23,3
2.22,3.8,3.22,4.56,2.5,3.2,120,2,0,76,19,2,19,2.8
4.78,4.6,4.56,4.56,2.13,4.6,0,13,0,257,19,2,21,2.8
3.22,4.6,4.33,4.11,1.38,3.9,73,7,0,445,94,2,19,3.4
4.44,4.6,4.56,4.89,2,4.4,49,9,0,145,14,2,18,3.7
3.44,4.2,3.44,4,1.38,3.8,29,1,0,81,0,1,21,2.4
3.89,4,4.44,4.78,1.63,4,73,6,4,119,16,1,19,3.2
2.33,3.8,3.67,4.33,2,3.9,22,10,2,175,10,2,19,3.4
2.67,4.2,4.22,4.89,1.25,4.8,510,3,32,79,8,1,21,3.8
4.44,4.2,4.33,4.78,1.5,4.6,71,44,2,98,19,2,19,3.5
3,4.4,3.67,4.67,2.13,4.2,30,6,2,370,66,2,20,2.8
4,4.4,3.44,4.67,1.75,4,40,9,2,149,14,1,19,2.7
4.11,4.6,3.56,4.89,1.75,4.8,24,2,0,443,89,2,22,3.8
3.11,4.2,4.11,4.56,2,4.1,27,2,0,396,34,2,18,3.4
3.44,3.8,4.44,4.67,1.88,4.4,49,16,9,686,25,2,21,2.4
2.44,4.2,3.44,4.56,2.38,4.2,2,13,0,497,64,2,18,2.9
3,3.8,3.78,4.67,1.5,4.2,12,7,4,118,12,1,21,3.2
3.44,3.6,4.22,4.67,1.75,3.4,5,7,0,115,12,1,19,3.7
3.22,4.2,3.67,4.67,2,4.4,27,21,1,182,31,2,18,2.8
3.56,4.6,4,4.67,1.38,4.5,8,12,0,145,14,2,22,2.8
3.33,4.4,4.44,4.33,1.5,4.9,28,26,11,155,11,2,22,2.3
3.78,4.2,4.22,4.78,2.25,4,350,2,0,424,40,2,19,2.8
4.22,4.4,4.78,4.22,2,4.3,20,12,3,136,27,2,18,3.5
4.78,4.6,4.67,4.78,1.63,4.3,76,22,1,233,32,2,20,2.8
4.33,3.8,4.11,3.89,1.5,4,9,15,4,174,30,2,19,2.8
2.44,3.6,3.89,4.56,1.38,4.6,49,3,3,59,8,2,20,2.5
3.22,4.6,4.22,4.78,1.75,4.1,62,10,0,244,56,2,18,2.8
3.67,3.8,4,4.56,1.38,3.6,88,5,2,125,14,2,19,3.3
3.67,4.2,4.33,3.67,2.38,3.9,35,2,1,493,55,1,18,2.1
3.33,4.2,3.89,4.56,1.88,4.4,26,14,0,518,21,1,23,3.3
3.89,4.6,4.22,4.44,1.25,4.5,0,3,0,54,7,2,18,2.7
3.89,4,4.11,4.44,2.38,3.7,73,4,0,102,5,1,21,2
3.33,3.8,3.44,4.11,2,4.1,7,4,9,87,15,2,18,2.7
3.56,4.4,4.11,4.33,1.75,4.3,198,27,0,249,23,2,18,3.5
3.44,4.2,4,4.56,1.75,3.7,42,4,2,238,7,1,19,3.2
2.89,4.4,4.33,4.56,1.75,4.2,14,20,0,109,13,2,21,3.2
2.44,4.4,3.44,4.11,1.38,4.2,92,2,1,245,3,1,21,3.3
3.89,3.8,4.56,4,1.75,4.6,4,3,0,100,11,2,19,3
2.78,4.6,4.44,4.56,2,4.6,16,2,0,211,28,2,22,3
4,4.8,4,4.78,1,4.2,4,9,0,219,32,2,20,3.7
3.78,4.4,4,4.67,1.88,3.4,14,1,1,159,22,1,19,2.4
3.56,4.6,4.67,4.22,2,4,49,16,0,307,31,2,19,2.6
3,3.8,4.33,4.78,1.13,4.3,0,2,1,54,13,2,18,2.9
4.11,4.2,4.67,4.78,1.13,4.7,5,2,0,140,36,2,20,2.6
3.56,4.6,4,4.44,1.5,4.8,329,20,10,221,28,2,21,3.3
3.78,4.2,4.33,4.56,1.88,4.5,28,13,1,91,18,2,19,2.5
3.33,4.4,4.33,4.67,1.25,3.9,168,13,3,380,22,2,19,3.9
3.56,4.8,4.11,4.67,1.38,3.9,228,69,1,267,32,2,19,3.33
4.11,4.8,4.44,4.67,1.5,4,2,2,0,218,8,2,20,3.8
4.11,3.2,4.11,3.89,2.13,3.8,6,3,3,59,7,1,20,3.6
3.89,4.8,3.56,4.33,1.88,3.8,8,3,0,222,42,2,19,2.6
3,5,3.67,3.22,1.75,4.1,19,1,9,96,1,1,23,3.3
2.67,4.8,3.89,4.67,1.5,4.3,202,19,0,197,20,2,20,3.4
4,4.6,4.33,4.44,1.75,4.7,16,14,0,360,55,2,18,3
3.67,3.8,4.22,4.44,1.5,4.5,10,7,4,169,20,2,20,3.1
4,4.8,4.44,4.67,1.75,4.5,79,1,0,214,33,2,18,3.3
3.89,4.4,3.89,4.44,2.13,3.9,10,7,0,212,34,2,19,2.7
2.33,4.4,3.67,4.56,1.75,4.4,79,14,0,342,32,2,21,3.6
3.89,4.2,3.78,4.11,2.13,4,2,13,3,107,15,2,19,3.3
3.89,4.6,3.78,4.89,1,3.7,0,2,0,145,23,1,20,3.8
2.89,3.6,3,3.78,2,4.2,58,7,7,160,13,1,18,2.7
4.22,4,4.56,5,1.38,4.4,5,12,1,374,36,1,19,3
2.67,4,3.89,4.67,1.5,4.2,127,34,1,391,11,2,19,2.5
3.33,4.4,3.78,4.22,2.25,3.3,12,7,0,188,13,1,20,3
3.67,3.6,3.89,4.33,2.25,3.3,19,10,1,158,15,2,17,2.3
3.78,3.8,4.11,4.33,1.88,4.5,127,28,3,436,20,2,20,3.2
4,4.6,4,4.56,1.75,4.4,13,1,0,222,33,1,18,3.4
2.78,4,4.22,4.78,1.25,4.6,168,30,1,113,28,2,19,3.8
3.89,3.8,3.78,4.44,2.13,4,30,15,6,458,7,1,21,2.8
3.78,4,3.89,4.44,1.38,4,107,24,3,259,9,1,21,3.1
3.67,3.8,4,4.33,1.75,4.2,38,12,10,93,12,2,19,2.6
4,4.2,3.78,4.11,2,3.9,254,37,2,129,12,2,20,3.5
2.78,4.2,4.11,4.78,1.25,3.9,151,10,0,175,21,2,21,3.3
2.67,4.8,3.33,4.67,1.88,4.9,68,24,0,293,151,2,19,3.2
3.78,3.4,3.78,4.33,2.13,4.2,12,6,5,320,44,2,19,2.7
4.11,4.2,4.33,4.67,1.88,4.6,32,16,1,289,14,1,18,3
3.56,3.8,4.44,4.78,1.75,3.9,9,20,1,241,32,2,999,3.1
4.11,3.8,4.78,4.33,2.25,4.8,203,21,0,269,22,2,19,3
3.89,4.8,4,4.56,1.38,4.5,13,11,0,168,32,2,19,3.3
2.78,4.4,3.89,4.67,1.5,3.9,95,14,0,240,28,2,18,2.3
3.78,4.8,3.89,4.67,2,4.9,9,7,1,160,47,2,19,3.6
2.89,3.6,3.33,4.22,1.75,3.7,74,5,0,179,25,2,18,2.9
4.44,4,4.56,4.22,1.88,3.7,1,1,0,210,38,1,19,3.3
3.22,4,3.78,4.22,2.25,4.7,19,37,0,108,10,1,19,3.2
3.67,4.4,4.33,4.67,2,4.2,364,13,0,324,46,2,18,2.9
4.11,4.6,3.33,4.44,1.25,4,13,13,0,157,6,1,24,2.8
3.78,3.8,3.78,4.33,1.88,4.5,0,2,1,203,12,2,20,2.6
3.67,4.6,4.22,4.33,2,4.6,1,2,0,164,11,2,18,3.4
4.22,4,4,4.44,2.25,4.5,0,2,0,53,38,2,19,2.6
2.78,4.4,4.11,4.56,1.25,4,112,17,1,150,18,2,18,2.7
3.33,4.4,3.89,4.44,2,4.4,15,5,1,190,56,2,20,3.3
2.89,3.8,3.89,4.33,2.13,3.8,49,1,0,245,11,1,20,3.7
3,4.2,3.78,4.56,2.13,4.5,30,5,4,57,2,2,22,3.2
2.67,5,3,4.78,1.63,4,32,3,0,322,28,2,18,3.9
3.44,4,4.11,4.33,2,4.7,3,6,3,188,12,1,20,2.9
3.33,4,3.56,4.22,2.13,4.2,76,3,2,177,18,2,21,2.7
3.44,4.2,3.78,4.44,2.38,4.3,87,37,2,277,17,2,22,3.6
3.89,3.4,4.33,4.56,1.63,3.9,104,11,0,254,30,1,18,2.9
4,4,4.11,4,2.13,3.9,19,11,0,208,14,2,19,2.9
3.78,4.2,4.44,4.56,2,3.9,30,2,0,167,16,1,19,3.1
3.22,5,3.89,3.78,2.5,4,6,3,0,54,9,2,19,3.4
3.89,4.2,4,4.78,1.63,4.4,20,14,0,310,39,2,18,3
4.11,4,4,4.67,2.13,4,0,15,0,165,29,2,19,2.9
3.11,3.8,4,4.56,1.63,3.9,51,13,1,433,33,1,22,3
3.89,4.4,4.44,4.67,1.75,4.2,1,1,0,80,0,1,22,2.8
4,4.4,4.56,4,1.75,4,160,18,3,519,22,2,21,3.3
3,4.2,4,4.22,1.75,4,5,9,1,305,37,2,20,2.6
3.33,4.4,4,4.22,1.63,3.5,31,12,0,402,59,2,19,3.2
3.44,4.4,3.56,4.89,1.63,4.2,10,2,0,84,24,2,21,3.1
4.44,3.8,4.67,4.78,1.5,4.3,6,19,8,191,20,2,20,2
4.22,4.4,4.67,5,1,4.5,78,15,5,591,32,2,22,2.6
3.56,4.4,4,4.44,1.75,3.9,288,1,0,190,34,2,19,2.9
3.56,3.8,4.11,5,1.25,4.7,104,3,9,201,7,1,20,3
3.67,3.8,4,4.56,1.88,4.5,23,75,1,60,4,2,19,2.7
3.44,4.2,4.44,4.67,1.5,4.4,76,29,2,185,19,2,18,3.3
3.22,4.8,3.78,2.89,2.75,3.7,37,8,0,466,133,2,18,2.3
3,3.8,4.22,4.67,1.38,3.7,3,9,0,226,37,2,18,2.5
3.11,4.6,3.33,4.56,1.75,3.9,2,1,0,43,0,1,20,3.2
4,4.2,4.56,4.44,1.25,4.6,7,7,7,115,18,2,18,3.8
3.89,4.4,4.11,4.33,2.13,3.9,57,15,0,142,14,1,21,3.4
3.89,4.4,4,4.22,1.38,4.2,39,1,0,132,22,2,22,3.5
3.11,5,4.56,5,2,4.7,23,1,0,73,9,2,19,2.5
4.11,4,3.89,4.33,1.38,4.4,297,20,0,351,66,2,20,3.3
4,4.6,4.56,4.67,1.88,4.8,54,13,0,487,30,2,18,3.3
2.22,4,2.67,4.11,1.75,4.3,19,45,1,297,21,2,21,2.6
3.33,3.8,4,4.33,1.88,4.1,0,7,3,124,21,2,20,2.9
3.11,3.8,3.44,4.33,1.75,4.6,35,14,0,163,14,2,18,2.2
3,4.4,4,4.78,2,4.4,4,20,0,158,296,2,20,3.2
3.78,4,4.33,4.22,1.75,4.2,2,2,7,80,9,2,19,3.1
2.33,4.6,2.56,4.78,1.5,3.5,3,1,1,49,4,1,19,3
3.78,3.6,3.78,4.33,2,3.8,1,1,0,90,8,2,18,2.8
3,3.6,3.33,4.67,1.63,4.3,48,9,0,84,14,1,19,2.2
2.33,4.2,2.67,3.78,2.63,3.3,0,4,0,117,64,2,18,3.4
3.11,5,3.44,3.78,1.63,3,21,6,0,210,37,2,20,2.7
3.56,4.2,4.11,4.67,1.25,4.3,73,1,0,63,14,2,22,3.4
4.22,4,4.22,3.44,1.5,3.9,6,6,2,373,12,2,19,2.2
3.67,4.6,3.89,3.89,2.63,4.4,7,16,1,342,95,2,19,3.5
3.67,4.8,3.89,4.11,1.25,4.8,9,3,0,219,26,1,18,3.1
3.11,4.4,4.44,4.44,1.5,4.8,43,8,4,163,9,1,20,3.7
3.67,4.2,4.22,4.33,1.88,4.6,6,2,2,701,35,2,18,3.2
3.78,4.2,4.22,4.78,1.63,4.5,33,13,0,118,14,2,20,2.8
4,4,3.89,4.44,1.88,4.6,5,8,0,454,29,2,20,2.8
4.22,4.8,4.56,3.44,1.88,4,161,1,0,366,9,1,18,3.4
4.33,4.2,3.89,4.67,2,4.4,0,2,0,122,38,2,17,2.9
3.44,4.6,4.56,4.78,1.88,4.7,37,26,0,475,58,2,18,3.1
3.67,4.2,4.11,4.22,1.63,4.1,28,9,0,148,14,2,20,3.8
3.78,4.2,3.67,4.33,1.13,4.7,15,2,2,305,22,1,20,3.9
4.78,5,4.78,4.78,1.38,4.8,73,2,0,641,14,2,21,2.9
4.33,4.8,4.78,4.78,1.38,4.7,52,3,0,130,34,2,20,3.6
3.67,4.6,3.67,4.22,2,4.2,160,13,0,202,14,2,17,3.3
3.22,4,4.33,4.67,2,3.8,0,2,0,227,21,2,20,3.1
2.89,4.2,3.78,4.67,1.5,4.4,32,22,1,140,12,2,21,3.5
4.11,4.4,4.22,4.56,2,3.5,3,9,0,145,16,2,21,2.7
4,4.2,4.67,4.22,1.63,4.7,58,2,0,154,7,1,24,3.7
2.44,4.6,3.89,5,1.38,4.8,91,19,3,553,42,2,19,3.8
3.78,5,4.56,4.44,2.25,4.8,0,21,0,575,80,2,18,3.6
4.22,3,4.22,3.78,2,2.9,191,17,9,165,11,2,22,3
3.33,3.8,3.78,4.11,1.88,3.3,52,1,1,84,10,2,21,3.3
3.44,4.2,4,4.67,1.5,3.5,6,9,0,357,46,2,19,3.2
2.67,4.4,4.11,4.67,1.75,4.1,308,4,1,333,59,2,19,2.4
4.44,4.2,4.44,3.78,1.75,4.7,317,28,3,521,38,2,18,2.6
3.78,4.4,4.11,4.44,1.63,4.1,23,12,0,97,11,2,21,3.5
2.67,4.2,3.56,3.89,2.5,3.2,1,1,0,74,8,1,19,3.3
2.78,4,3.56,4.78,1.5,4.2,36,4,0,218,96,1,19,3.7
3.22,4.4,3.44,4.56,1.88,4.2,181,5,0,200,21,2,19,3
3.44,3.8,3.56,3.44,2.5,4.4,37,14,0,869,17,1,19,2.5
3.89,4,3.89,4,1.88,4.1,16,1,3,444,40,2,20,2.5
3.56,4.6,4.33,4.89,1.38,4.2,45,11,7,128,11,2,20,2.1
1.89,4.8,2.56,4.78,1.63,4.4,0,11,0,131,16,2,19,3.7
3.89,4.2,4.11,5,1.38,4.8,32,24,1,62,10,2,19,2.4
3.78,4.6,4.11,4.67,1.5,4.4,14,5,0,70,3,1,18,3.4
3.56,4.4,3.89,4.78,1.75,4.8,38,8,0,74,76,1,19,3.9
4.22,4.8,4.56,4.67,1.38,4.9,37,15,0,195,20,2,21,3.3
3.11,3.6,3.44,4.22,1.13,4.2,48,5,16,350,18,2,20,2.7
3.22,4.6,4.44,4,1.38,4.6,80,8,1,260,17,2,19,3.4
2.44,3.6,3.78,4.67,1.88,3.5,2,5,2,215,15,1,20,3.1
4.22,4.6,4.67,4.89,1.63,4.2,18,8,2,107,8,2,19,2.5
3.56,4.6,4.89,4.89,1.88,4.6,18,6,0,93,8,2,20,3.2
3.44,5,3.78,4.89,1.38,4.3,4,4,0,177,21,2,20,3.4
3.44,4.4,3.56,3.78,1.88,4,1,13,0,171,23,2,18,2.7
3.33,4.4,3.44,4.67,1.25,4.1,221,8,4,209,19,1,19,3
4.56,3.6,4.44,4.78,2,4.7,42,6,7,229,8,1,19,3.2
2.78,4.2,4.44,4.78,1,4.4,2,2,0,37,13,1,19,3
4,4.6,4.22,4.11,1.75,4.5,2,2,0,143,13,2,19,3
3.78,4.4,4.11,4.11,2,4.4,23,4,0,212,52,2,21,2.9
3,4.4,4,4.56,1.63,4.1,47,12,0,129,22,2,20,3.2
2.89,2.6,2.89,3,4,3.5,93,1,1,215,37,2,21,3.2
3.11,4.4,4.33,4.78,1.38,4.5,26,5,2,95,4,1,20,2.7
2.89,4.8,4,4.56,1.38,4.5,35,29,1,588,11,1,21,2.4
3,4.8,3.67,4.11,1.75,3.5,18,12,0,420,50,2,21,3.6
4.11,4.2,4.44,4.22,1.75,4.4,14,16,0,479,49,2,19,3.5
3.78,4.6,4.33,4.89,1.5,3.7,0,6,0,252,14,2,19,2.8
3.11,4.6,3.44,4.22,1.75,3.2,65,4,0,549,44,1,19,4
4.11,4,4,4.11,1.88,3.4,31,33,0,541,38,2,19,3.8
3.56,3.8,4.33,4.56,1.25,4.7,202,15,1,138,14,2,20,1.8
2.89,4.2,4,4.44,1.5,4,22,29,1,345,35,2,18,2.6
4,3.6,4.22,4.44,1.75,3.9,18,4,0,105,11,1,20,3.6
3.56,3.8,3.78,4.56,1.88,4.1,42,3,0,86,15,1,19,2.6
3.22,4.4,4,4.67,1.5,4.1,15,3,0,88,10,2,18,3
3.78,4.4,3.78,4.78,1.25,4.4,61,29,3,312,28,2,21,2.7
4.11,3.4,3.89,4.67,2.63,3.9,0,2,2,203,7,1,20,2.5
3.11,3,4.44,4.22,2.25,4.3,54,3,2,170,23,2,18,2
2.89,4.2,3.56,4.44,1.5,4.6,3,17,0,249,41,2,18,2.9
3.22,4.2,4.22,4.56,2,4,0,2,0,120,6,2,23,3.5
3.89,4,4.22,3.67,2.75,3.9,130,15,1,155,14,2,20,3.1
4.33,4.4,4.44,4.56,1.5,3.9,155,14,2,727,28,2,19,3.2
2.44,4,4,4,1.88,4.1,127,71,0,137,23,2,18,2.3
3.11,4.6,3.67,4.89,1.25,4.7,65,4,0,364,26,1,19,3.8
2.44,4.4,3.44,4.67,1.38,4.9,111,12,2,406,24,2,20,2.7
4.22,4.4,4.44,5,1.38,4.7,74,1,0,109,28,2,18,3.5
4.56,4,4.33,4.78,1.5,4,3,6,0,184,27,2,19,2.7
4,3.6,4,4.89,1.88,4.6,45,8,0,165,34,2,17,2.7
3.11,4.2,3.67,4.33,2.25,4.2,86,3,0,33,11,1,19,2.5
3.67,3.8,4.33,4.44,1.75,4.2,99,14,4,138,7,2,19,2.2
3.44,4,3.44,4.56,2.25,3.9,47,16,1,317,42,2,21,2.9
3.67,4,4.11,4.11,1.88,3.9,6,3,0,146,35,2,20,2.8
3.56,4.6,4.33,4.78,2,4.4,3,1,0,156,14,2,20,2.7
2.33,3.8,3.44,4.44,1.63,4.1,10,1,5,75,6,1,21,3.6
3.56,4.4,4.44,4.56,1.25,4.1,670,73,0,410,20,2,18,2.6
3.56,3.6,3.44,3.44,1.75,4.5,2,6,0,121,9,1,20,2.7
4,3.6,3.78,4.11,2.25,4,650,1,0,452,12,2,21,3.6
3.56,4.8,4.33,4.56,1.38,4.7,30,73,1,363,22,2,18,3.5
4,4.6,4.11,4.44,2,3.7,105,45,0,445,32,2,18,2.9
2.78,3,3.56,3.78,2.13,4.2,36,2,0,148,19,1,19,2.1
2.78,4.4,3.56,3.78,1,4.1,9,3,0,67,12,2,19,3.3
3,4.8,3.33,3.89,1.25,4,25,3,0,81,5,1,20,2.8
3.89,3.6,4.22,5,1.75,3.7,73,2,0,61,13,1,18,2.9
3.78,4.2,4.44,4.78,1.38,4.6,42,8,2,94,5,2,18,2.9
4.33,4.4,3.89,4.56,1.75,4.2,31,13,0,181,15,2,22,2.7
2.78,4,3.44,4.22,3,3.4,289,9,14,68,11,1,18,3
3.89,4.2,5,4.22,1.75,4.2,1,2,0,83,40,2,19,3.3
3.11,4.4,3.67,4.78,1.63,4.5,45,2,0,201,32,2,20,2.1
3.78,4.2,3.67,4.44,1.75,3.9,73,1,0,78,2,1,19,2.4
3.78,4.2,4.22,4.22,1.5,4.3,143,26,0,416,24,2,20,2.8
2.44,4.6,3.78,4.78,1.5,4.8,73,7,1,66,7,1,21,3.3
3.44,3.8,4.44,4,1.88,3.8,6,6,0,55,13,2,20,2.4
3.22,3.2,3.56,4.89,1.63,3.9,127,23,1,125,9,1,21,3.6
3.78,3.6,4.56,4.89,1.63,4.7,123,41,10,442,12,1,19,2.9
4.56,4.2,4.67,4.11,1.88,4.7,14,5,0,674,18,1,19,3.1
3,4.8,3.89,4.56,1.63,4.2,4,9,2,407,41,2,18,3.1
4.11,4.8,4.67,4.44,1.75,4.3,31,29,7,87,12,2,18,2.8
3.22,4.8,4.11,4.22,1.5,4.5,3,1,0,135,79,2,18,2.6
4.33,4.2,4.44,4.22,1.63,3.7,115,63,3,242,5,2,20,2.8
3.56,4.4,3.44,4.44,1.63,3.7,17,12,0,994,73,2,20,2.9
3,4,3.89,4.44,1.88,4.3,168,21,0,286,29,2,20,3.2
3.89,4.4,4.22,4.33,1.38,5,43,10,0,292,36,2,20,2.6
3.78,4.6,4,4.33,1.5,4.2,3,17,0,241,50,2,19,3.1
3.78,4.4,4,4.78,1.88,4.4,128,7,0,184,35,2,18,2.4
3.56,3.8,4,3.67,2,3.2,72,8,12,149,14,1,19,3.4
3.11,5,4.44,3.89,2.13,4.7,128,1,1,76,41,1,18,3
4.33,4.6,4.67,4.56,1.13,4.7,49,9,3,279,16,2,22,4
1.33,3,3.44,3.67,2.13,4.2,43,9,3,218,9,1,18,1.4
4.56,4.8,4.67,4.89,1.63,4.5,87,18,2,188,28,2,18,3.8
3.33,3.8,3.89,4.56,1.5,3.8,48,20,0,291,66,2,19,3.6
3.11,4.2,3.33,4.33,2.38,4.2,37,3,1,165,22,2,19,2.4
2.33,4.6,4.33,4.33,1,4.5,64,9,5,110,6,2,20,2.2
3.56,4.6,4.33,4.44,1.13,4,5,19,6,246,16,2,19,3.6
3.33,3.4,4.33,4.67,1.63,3.8,9,3,0,120,15,2,19,3.5
3.56,3.2,4,4.78,2.5,4.6,1,1,0,113,18,1,18,2.7
3.22,3.6,3.44,4.67,1.5,4.1,6,1,3,45,16,1,21,3.2
4,4.8,4.33,4.67,1.25,4.5,261,2,1,404,33,2,21,2.8
2.78,4,3.89,4.33,1.38,4.1,41,30,1,192,45,2,18,3.2
3.56,4.2,4.11,4,1.63,3.8,1,6,0,229,23,2,18,3
2.56,4.6,3.67,4.33,1.75,4.7,12,1,0,180,31,2,20,3
3.44,5,4,4.22,2,4,4,7,0,138,29,2,19,2.8
3.11,4.4,3.44,4.89,1.63,4,43,12,2,196,19,2,21,3.5
3.33,3.4,4.22,4.44,1.63,4.7,0,7,0,165,17,2,21,3.2
3.11,4.8,4,4.44,1.5,3.7,5,8,1,153,14,1,19,3.2
3,5,4.11,4.56,1.25,4.6,0,9,0,354,52,2,18,3.5
2.89,3.4,4,4.67,1.75,3.4,153,4,3,72,19,2,21,3.8
2.56,4.2,3.89,4.89,1.13,4.1,137,6,0,127,7,1,25,3.5
4,3.8,4.22,4.56,1.88,4.1,35,22,0,190,14,2,20,3.2
3.89,3.2,3.78,5,2.38,4.4,14,4,1,20,12,2,17,1.8
3.33,3.6,3.89,4.56,1.88,4,28,4,1,58,12,2,20,2.9
3.33,4.2,4.22,4.56,1.38,3.6,38,13,3,292,25,2,19,2.7
4.33,3.8,4.44,4.56,1.88,4.2,24,6,1,385,19,1,21,3.2
3.44,4.6,3.78,4.22,1.5,4.4,0,1,0,143,22,1,19,3.6
3.22,4,3.33,4.78,1.63,4.2,4,2,0,173,18,1,18,3.3
3.56,4.6,3.78,4.78,2.25,3.6,7,7,0,98,20,2,21,2.4
4.11,4.2,4.22,4.44,1.75,4.5,0,7,2,215,9,2,20,2
4.11,3.8,4.22,4.44,2.25,4.5,83,24,1,292,10,2,21,3.1
3.33,4.4,4.33,4.78,1.5,3.8,11,15,0,265,76,2,18,3.5
4.22,4.4,4.89,4.67,1.5,5,12,5,0,66,13,2,20,3.7
3.11,4.4,4.33,4.67,1.25,4.7,49,15,0,131,18,2,21,3.2
3.33,4,3.56,4,2.25,3.9,288,14,3,203,20,2,19,3.1
3.56,4.8,4.33,4.89,1.38,3.8,100,4,2,238,23,2,18,3.6
3.89,4.2,4.11,4.56,1.25,4.5,76,7,3,212,10,2,21,3
3.89,4.2,3.89,4.33,2.13,4,3,1,0,128,8,1,20,3.1
3.56,4,3.89,4.11,2.25,4.1,17,18,0,203,39,2,19,3.2
3,3.6,4.44,4.11,1.63,4,712,30,36,141,10,2,21,2.3
2.89,4.4,3.67,4.22,1.63,4.4,183,18,10,553,27,2,18,3.5
2.89,4.2,3.44,4.44,2,4,8,15,1,413,43,2,18,2.8
2.89,4.2,4.11,4.67,2,4.3,163,1,0,136,14,2,21,3.2
4.33,4.2,4.33,4.89,1.75,4,33,3,1,238,33,1,19,2.9
4.22,4.8,4.11,4.44,1.63,4.6,0,10,0,178,16,2,19,3.1
3.44,4,4.33,4.44,2.13,4,60,3,1,39,7,2,20,2.1
3,4.8,3.67,4.44,1.75,3.8,18,14,0,230,40,2,20,2.9
3.67,4.4,4.33,5,1.38,4.1,22,1,0,93,17,2,20,3.4
4.22,3.8,4.44,4.67,1.88,4.3,35,5,0,268,10,1,21,3.4
4.11,4.8,4.11,4.11,2.13,4.5,51,2,0,203,14,1,21,2.9
3.78,4.4,3.56,3.89,1.88,3.6,28,1,4,299,19,1,18,3
3.78,3.8,4.11,4.22,1.75,4,1,1,1,104,8,1,20,3.2
4.22,4.6,4.33,4.22,1.88,4.2,42,14,1,89,10,2,21,2.8
3.56,4.6,4.67,4.22,1.88,4.2,34,2,0,492,69,2,19,2.9
3.67,4.4,4.22,4.33,1.63,4.2,22,11,1,225,6,2,21,3
3.89,4.6,4.11,4.67,1.25,4.1,40,1,2,104,40,2,20,3.1
3.33,4,4.11,4.89,1.75,4,100,11,0,405,40,2,20,3.3
4.44,4,4.56,4.11,2.13,4,76,20,1,188,15,2,18,3.4
3.89,4.6,4.67,4,2.38,3.9,17,9,0,183,27,2,20,3.5
2.89,3.6,4.11,4.67,1.63,4,32,19,1,181,22,2,19,3.1
3.78,4.6,3.89,4.22,1.5,4.7,0,9,1,113,22,2,18,2.5
3.78,4.4,4.44,4.22,1.75,4.5,29,1,0,141,38,2,18,3.1
3.33,4.2,3.78,3.89,2.25,4.2,4,12,1,229,2,1,20,2.7
2.78,4.6,4.44,4.22,2,4.1,16,13,0,879,20,2,20,3.1
3.56,4.8,4.11,4.22,2.38,4.1,18,18,1,319,30,2,20,2.8
3.78,4,4.33,4.44,1.25,4.8,110,21,2,102,20,2,17,2.4
3.22,4,4,4.56,2.63,3.8,0,3,1,141,15,1,21,3.2
4,4.6,4.33,4.67,1.13,4.1,74,6,0,261,30,2,20,3.3
3.11,3.6,3.67,4,2,4.2,84,6,0,181,30,1,20,3.1
3.33,4.4,4.22,4.78,1.63,3.5,1,7,0,193,33,2,17,4
3.78,4.2,4.22,4.33,1.5,4.7,227,127,0,452,14,2,19,3.4
3.56,4.6,4.22,3.89,1.63,4.2,31,12,0,281,21,2,20,2.7
2.11,4.4,2.89,3.78,1.63,4.9,28,13,1,107,9,2,19,3.1
3.89,5,4.67,4.89,1.13,4.3,96,7,0,177,19,2,20,3.3
3.33,4,3.67,4.11,1.88,3.5,73,2,0,169,59,2,19,2.9
3.22,3.2,3.33,4,2.5,4.1,73,2,3,122,18,2,18,3.2
4,4.4,4.33,4.89,1.38,4.5,21,16,0,627,40,1,20,3.7
4,3.8,3.67,4.56,1.88,3.6,29,25,4,107,12,2,20,3.5
3.56,4.8,4.33,5,1.13,4.2,21,5,0,352,22,2,20,3
3.78,4,4.22,4.22,2,4.8,74,23,0,270,26,2,18,2.9
2.22,4,2.11,4.56,2.25,4.6,164,5,0,211,10,1,19,3
3.11,4.8,4.67,4.89,2.38,4.1,190,28,0,461,46,2,19,2.5
3.78,4.2,4.11,4.33,1.88,4.6,118,33,3,164,15,2,18,2.5
3.44,5,3.89,4,2.5,4.1,73,2,0,40,3,2,20,2.5
3.44,4.4,4.22,4.33,1.88,4.1,50,11,2,166,22,2,19,3.4
3.11,4,3.67,3.89,2.13,4.4,14,13,5,118,8,1,19,3.5
3.11,4.2,3.33,3.44,2.5,3.7,139,10,22,80,7,2,18,2.3
3.78,4.2,4.11,4.33,2,4.2,22,11,0,468,45,2,21,3.1
4,4.2,3.67,4.44,2,3.8,21,21,0,314,12,2,24,3.5
4.11,4.8,3.89,4.78,1.5,4.8,87,3,1,328,33,1,19,4
3.33,3.8,3.67,4.67,1.88,4,0,6,2,220,47,2,19,3.2
4.11,3.8,3.89,4.22,2.38,3.8,231,9,4,272,13,2,20,2.9
4.11,4.4,4.33,4.89,1.75,4.2,49,1,0,177,37,2,20,2.5
4,3.8,4.22,3.33,2.5,3.6,126,4,0,254,16,1,21,3.3
3.33,4.8,4,4.78,2.25,4.6,104,121,16,551,49,2,18,3.2
3.78,4.2,3.56,4.67,2.13,4.4,123,71,3,1088,17,1,21,2.6
3.33,3.8,3.89,4.78,2.13,4.6,35,1,0,196,25,1,18,2.9
3.33,3.4,4,4.22,1.63,4.1,58,32,1,723,36,2,21,3.3
3.44,3.6,4.33,4.44,1.63,4.5,45,13,0,239,19,2,19,3
3.56,4.6,4,4,2,3.6,0,4,0,298,50,2,19,3.2
2.89,5,3.67,4.67,2,4,15,7,0,921,114,1,19,3.6
4,4.4,4.56,4.44,2.13,4.5,222,2,0,40,17,2,20,3.6
3.44,4.2,4.22,4.56,1.38,4.8,0,6,0,69,11,2,19,2.8
3.44,4.6,4.56,4.78,1.13,3.9,0,17,1,371,16,2,21,3.1
2.44,4.4,3.56,4.78,1.75,3.9,45,13,4,120,18,2,20,2.6
4.33,4.8,4.67,3.44,1.25,5,83,11,0,281,45,2,20,3.6
3.89,3.4,4.22,4.33,2,3.6,1,1,1,88,18,2,19,3.5
3.56,4.8,3.67,4.33,1.38,4.7,55,7,0,322,15,1,19,3.7
3.56,4.6,4.67,4.56,1.75,4.4,7,10,1,149,14,1,20,3.7
3.22,4.6,4.67,4.67,1.13,4.9,126,9,1,617,27,2,20,3
3.11,4.6,4.22,4.78,1.5,4.3,19,4,0,1006,78,1,21,3.3
3.56,4.2,3.78,4.56,1.88,3.8,28,2,1,296,4,1,21,3
2.89,4.6,3.67,4.33,2,3.5,55,4,1,350,40,1,20,3.5
2.33,4.6,3.11,4.78,2.25,4.3,82,3,0,673,78,1,19,3.3
3,3.6,3.67,4.33,1.5,3.9,25,14,0,54,9,2,18,2.8
3.44,4.8,4.11,4.78,1.75,4.4,2,3,0,369,38,2,20,4
3,4.2,4.22,4.44,1.5,4,115,6,0,115,10,2,20,3.6
3.78,4.2,3.67,4.11,2,3.9,21,6,1,188,17,1,18,3.4
3.22,4.4,4.67,5,1.13,4.7,171,8,1,98,7,2,21,3.2
4.33,4.2,4.56,4.78,1.75,4.3,0,4,0,185,40,2,22,3.4
3.44,4.2,4.11,4.11,1.38,4,20,9,3,145,12,1,23,3.4
3.11,4.2,4.22,5,1.13,4.4,91,10,0,289,23,2,21,2.9
4.33,4,4.44,4.56,1.63,3.8,68,8,1,217,19,2,20,2.6
3.78,3.4,3.67,4.33,1.38,4.1,177,1,1,255,19,2,20,2.8
4,4.2,3.89,4.56,1.5,3.8,3,2,0,49,1,1,20,3.1
3.89,4.6,4,4.22,1.5,4.2,86,4,4,184,15,2,22,2.8
4.22,4.4,4.67,4.89,2,4.6,2,5,1,459,108,2,18,2.9
3.56,4.2,4.33,4.56,1.75,4.1,3,7,0,145,13,2,21,2.7
3.44,4,4,4.22,1.88,3.9,0,2,0,25,2,1,21,3.2
3.22,3.6,3.33,3.44,2.75,3.4,2,8,12,66,1,1,19,3.28
3.78,4.2,4.33,4.44,2,4.8,52,9,0,217,42,2,18,3
3.33,4.4,3.78,4.78,2.13,4.3,3,3,0,230,15,1,21,2.8
4.33,3.8,4.33,4.33,2.13,3.9,49,19,1,367,15,2,18,3.6
3.56,4.6,4.44,3.56,2.13,4.4,41,1,0,135,36,2,18,3
3.56,4.2,4,4.22,2.38,3.8,0,6,1,143,12,1,18,3.1
3.56,4.8,3.78,4.44,1.88,3.7,10,11,0,201,14,2,21,2.9
4.33,4,3.89,4.56,2,4.2,1,6,0,172,5,1,21,2
3.33,4.2,4.33,4.33,2.13,4.7,82,3,1,310,46,2,19,3.1
3.11,3.4,4.11,4.11,2,4.2,3,7,0,116,16,2,19,2.6
3,4.4,4.44,4.78,1.88,4,41,1,0,219,18,1,20,3.4
3.44,4,4.22,4.67,1.63,3.9,21,28,0,195,30,1,20,3.1
3.89,4.8,4.33,4.44,2.25,4.2,18,1,0,791,25,1,19,3.2
3.89,5,4.44,4.33,1.75,4.3,145,7,1,124,16,2,19,2.9
2.78,4,4.11,3.56,2.5,3.8,73,2,0,163,332,1,19,3.5
3.89,3.4,4.22,4,2.38,3.8,130,5,2,101,11,2,18,2.9
3.22,4.6,4,4.78,1.5,3.8,0,12,0,214,48,2,18,3.2
3.78,3.8,3.78,4.44,1.75,3.8,40,15,1,173,12,2,20,3.1
3,4.4,3.89,4.78,1.38,4.6,19,20,0,128,18,2,21,3.5
3,4.4,3.11,4.67,1.88,4.8,49,35,4,281,26,2,21,2.9
3.56,4,3.44,4.44,2.13,4.3,6,1,2,17,1,1,21,3.3
3.89,3.8,4.33,4.22,2.38,3.7,21,7,0,161,6,2,20,2.8
3.44,4,3.67,4.56,1.75,3.6,43,11,1,309,15,1,20,2.9
4.44,4.8,4.44,4,1.63,4.4,0,5,3,146,25,2,19,3.6
4.22,4,4,4.11,1.63,5,12,14,2,251,16,2,21,3.6
3.78,4.4,4.44,4.33,2.5,3.8,13,4,0,211,34,2,18,3.1
3.56,4.2,3.89,4.56,2,4,19,21,0,239,10,1,21,3.6
4.22,4.4,4.11,4.56,1.88,3.7,208,27,0,188,11,2,19,3.4
5,4.6,4.89,5,1.25,4.4,800,3,0,249,46,2,18,3.6
3.56,4.4,4.22,4.56,2.13,4.1,107,11,0,307,34,2,19,3.1
3.67,4,4.22,4.89,1.75,4.2,16,7,1,282,22,2,20,3.2
4.11,4.8,3.56,4.89,1.25,4.4,11,2,0,160,13,1,21,3.3
3.22,3.6,3.78,4.67,1.63,4.9,13,1,1,72,16,2,21,3.2
4.11,4.8,4.22,4.33,2,4.2,19,6,1,98,27,2,18,3.2
2.89,5,4.33,4.22,1.38,4.5,46,43,2,236,14,2,18,2.9
3.22,4.4,3.44,4,1.88,3.9,53,11,8,66,17,2,19,3.1
3.11,4,4.22,4.44,2,4.1,48,1,0,101,7,1,20,3.4
3.44,3.6,3.89,3.89,1.63,3.5,112,33,55,306,11,2,19,3.2
3.22,3,4.11,4.22,2.38,4,0,1,0,65,17,1,19,4
3,4,3.56,3.89,2.38,4.5,2,2,0,146,10,1,19,3.6
3.56,4.6,3.22,4.56,2.13,3.9,173,4,3,184,8,1,20,3
2.22,4.4,4,4.56,2,3.9,89,19,0,195,43,2,18,2.4
4.11,4.4,4,4,1.88,4.5,459,18,0,163,20,2,18,2.9
3.67,4.6,4.22,4.78,2,4.6,42,8,2,469,24,1,18,3.7
3.11,4.4,4.56,4.56,1.88,4.5,282,3,0,205,18,2,20,3.4
3.44,3.8,3.67,4.56,2,3.8,0,14,3,155,23,2,18,2.3
4.67,4,4.56,4,2,3.7,31,9,0,258,28,2,21,3.1
4.11,3.6,4.44,4.78,1.75,4.5,14,26,0,290,42,2,21,3.1
3.44,3.2,3.67,4,2.13,4.6,59,20,10,227,23,2,22,3.8
3.67,4.8,4,4.56,2,4.3,5,31,1,166,23,2,18,3.1
3.33,3.8,3.44,4.44,2.63,4.4,3,17,0,90,15,2,19,3.4
3.33,3.6,4,4.22,2.13,4.4,16,3,21,92,11,2,19,2.8
3.33,4.8,4.56,4.78,1.25,3.3,5,9,1,487,26,2,21,3.4
4.11,4.6,4.22,4.22,2.13,4.6,5,4,1,142,7,1,19,3.1
3.22,3,3.22,4.56,1.5,4.4,939,14,53,208,11,2,21,2.1
4.33,4.2,4.44,4.78,1.88,4.3,31,42,1,483,49,2,19,3.5
3,4.6,3.44,3.67,1.13,4.9,1,1,1,162,19,1,20,3
3.56,4.4,3.78,4.11,2.13,3.5,0,7,0,159,34,2,18,2.9
1.89,4.2,1.89,4.78,4.5,5,41,4,1,244,32,1,18,3.4
3.78,4.2,4.44,4.56,1.88,4,36,17,0,196,27,2,19,3.1
4.44,4.4,4.33,3.56,1.88,4,81,4,0,224,31,2,18,3.5
4.67,4.8,4.78,4.78,1.75,4,270,5,0,227,47,2,21,2.9
3.44,4.2,4.33,4.67,1.13,4.5,26,22,1,303,11,2,21,3.8
3,4,4.11,4.33,1.38,4,295,17,12,368,22,2,19,2.1
3.44,3.8,4.22,4.78,1.75,4,15,1,7,59,4,2,18,3.2
3.33,4.4,3.67,4.44,1.63,3.8,17,11,0,377,79,2,21,3.8
3.44,4.2,3.89,4.67,1.38,3.4,20,13,1,172,27,2,19,3.5
3.89,4.6,4,4.56,2,4.3,31,12,0,238,28,2,20,3.2
4.33,4.4,4.33,4.56,1.88,3.6,10,4,0,195,23,2,17,2.7
3.22,4.4,4.22,4.67,1.88,4.3,31,35,1,239,16,2,20,3.4
1.89,4.8,3.11,3.56,1.75,3.9,8,6,0,182,25,2,21,3.7
3.33,2.6,3.56,3.22,2.88,4.4,299,3,33,106,5,2,19,3.2
3.89,4.6,3.89,4.78,1.63,4.5,90,15,0,260,33,2,20,2.8
3.89,4.2,3.89,4.67,2,3.9,9,17,0,256,21,2,20,2.9
3.33,4.8,3.89,4.22,1.25,5,85,29,1,186,12,2,20,3.3
3.56,5,4.78,4.89,1,4.8,0,1,0,286,56,2,18,3.2
2.78,4.8,4.78,4.89,1,4.9,300,19,1,189,14,2,21,2.5
4.22,4.8,4.56,5,1.13,5,50,11,1,427,31,2,21,2.5
3.33,3.4,3.67,4.33,1.88,3.7,17,11,0,127,13,2,21,3.2
3.56,4.6,4.78,4.33,1.38,4.7,874,4,1,471,20,2,20,3.8
3.22,3.6,3.56,4.22,1.13,3.7,820,23,12,40,3,1,19,2.4
3.56,3.8,3.78,3.67,2.13,4.1,46,7,0,237,68,1,18,2.7
